9,1,51430,-7,9.0576E-4,0.00217593,0.00226296,0.00522372,0.00234217,0.00558938,0.00570117,0.01217299,2.7125E-4,6.5979E-4,6.8619E-4,0.00172186,7.102E-4,0.00184239,0.00187923,0.00187923,4.252E-5,1.2038E-4,1.216E-4,4.0277E-4,1.2282E-4,4.0317E-4,4.1136E-4,0.0012782
9,1,51440,-6,0.0023595,0.00553671,0.00575818,0.01229471,0.00595972,0.01315534,0.01341845,0.0293662,7.1546E-4,0.00182502,0.00189803,0.00475633,0.00196446,0.00508927,0.00519106,0.00519106,1.2407E-4,4.114E-4,4.1556E-4,0.00126415,4.1975E-4,0.00126542,0.00129111,0.00382454
9,1,51450,-5,0.00600382,0.01303138,0.01355264,0.02965986,0.01402698,0.03173605,0.03237077,0.0705614,0.00197899,0.00504131,0.00524297,0.01268217,0.00542647,0.01356992,0.01384132,0.01384132,4.2399E-4,0.00129124,0.00130429,0.00378251,0.00131746,0.0037863,0.00386317,0.01181279
9,1,51460,-4,0.01413078,0.031437,0.03269448,0.07126701,0.03383879,0.0762557,0.07778082,0.15919899,0.00546663,0.01344205,0.01397973,0.03339881,0.01446902,0.03573673,0.03645146,0.03645146,0.00133077,0.00386357,0.00390259,0.01168297,0.00394201,0.01169467,0.01193212,0.03832147
9,1,51470,-3,0.03408919,0.07553714,0.07855863,0.16079098,0.08130818,0.17204635,0.17548728,0.29999503,0.0145761,0.03539998,0.03681598,0.09026978,0.03810454,0.09658867,0.09852044,0.09852044,0.00398183,0.01193333,0.01205387,0.03790032,0.01217563,0.03793826,0.03870856,0.08681243
9,1,51480,-2,0.08190986,0.17042514,0.17724215,0.302995,0.18344563,0.31196,0.435513,0.495283,0.03838651,0.0956785,0.09950564,0.187572,0.10298834,0.194087,0.292579,0.292579,0.01229861,0.03871251,0.03910355,0.08681243,0.03949853,0.08858411,0.12699165,0.16534198
9,1,51490,-1,0.18480312,0.311364,0.417815,0.502093,0.534236,0.631513,0.693015,0.691071,0.10375046,0.203091,0.266946,0.3425,0.377842,0.451275,0.526407,0.526407,0.03989751,0.0894789,0.12827439,0.1687163,0.15540625,0.19852829,0.21983605,0.25593682
9,1,51500,0,0.657864,0.730094,0.815931,0.823737,0.89948,0.907829,0.909601,0.914081,0.60303869,0.66437765,0.72019987,0.73289524,0.82899287,0.83709417,0.83235429,0.83235429,0.55361728,0.58809835,0.6280481,0.63940444,0.64890523,0.66142913,0.66155424,0.69009983
9,1,51510,1,1,1,1,1,1,1,1,1,1,1,1,1,1,1,1,1,1,1,1,1,1,1,1,1
9,1,51520,2,1,2,2,2,2,2,2,2,1,2,2,2,2,2,2,2,1,2,2,2,2,2,2,2
9,1,51530,3,1,2,2,2,2,2,2,2,1,2,2,2,2,2,2,2,1,2,2,2,2,2,2,2
9,1,51540,4,1,2,2,2,2,2,2,2,1,2,2,2,2,2,2,2,1,2,2,2,2,2,2,2
9,1,51550,5,1,2,2,2,2,2,2,2,2,2,2,2,2,2,2,2,2,2,2,2,2,2,2,2
9,1,51560,6,1,2,2,2,2,2,2,2,2,2,2,2,2,2,2,2,2,2,2,2,2,2,2,2
9,1,51570,7,1,2,2,2,2,2,2,2,2,2,2,2,2,2,2,2,2,2,2,2,2,2,2,2
9,0,48430,-7,0.9995221984,0.9987993166,0.9986940339,0.9971339367,0.9986318143,0.9969021631,0.9961180663,0.9934362545,0.9998699543,0.9996207407,0.9995284231,0.9989504154,0.9995491584,0.9987328878,0.9987764035,0.9966428627,0.9999819459,0.9999422441,0.999941588,0.999816787,0.9999463024,0.99985023,0.9998112636,0.9992983585
9,0,48440,-6,0.9986169941,0.9966976918,0.9963632873,0.9919196698,0.9954962635,0.9909398335,0.9943753388,0.9862487888,0.9995638632,0.9987842303,0.9987598398,0.9969892749,0.9987887586,0.9970770513,0.9967975671,0.990606755,0.9999328869,0.9997849572,0.9997573907,0.9992668288,0.9997420281,0.9993357633,0.9995106015,0.9977341086
9,0,48450,-5,0.9962992287,0.9908916216,0.9904523311,0.9771534175,0.9938606854,0.9772644778,0.9817617513,0.940687062,0.998761166,0.9965827835,0.9964141196,0.9909935388,0.9964974303,0.9899086464,0.9904856877,0.9740399107,0.9997811086,0.9993006501,0.999292801,0.9976722315,0.9993931176,0.997725964,0.9971155578,0.991260405
9,0,48460,-4,0.9908555942,0.9782741499,0.978213603,0.9452026747,0.9794259315,0.9426790307,0.9447295404,0.8609177801,0.9967454538,0.9909526329,0.9903674776,0.9738986943,0.9926697083,0.9744551932,0.9723105832,0.937129161,0.9992827058,0.9977240583,0.9977947848,0.991949867,0.9976975369,0.9932095651,0.9931253244,0.9724409043
9,0,48470,-3,0.9775437155,0.9471840126,0.9454917201,0.879842066,0.9516623419,0.8904263243,0.8585193962,0.7386531346,0.9909261871,0.975805815,0.9753709683,0.9373998459,0.9743337707,0.9342170685,0.9216557691,0.8582071823,0.9976957591,0.9923152183,0.9927551977,0.9740572199,0.9923236141,0.9754621126,0.9741061614,0.9341528742
9,0,48480,-2,0.945215699,0.8814469802,0.8728806855,0.7772676255,0.854789441,0.7616860423,0.7033546245,0.6089085023,0.9755070192,0.9358908062,0.931502738,0.867767563,0.9286945053,0.8573472694,0.8072858697,0.7318996468,0.9925985624,0.9756440304,0.9755882139,0.945561179,0.9746783969,0.9386615277,0.9167326125,0.8700327584
9,0,48490,-1,0.8640993979,0.7536617213,0.6788855799,0.5757993656,0.59978735,0.4862893868,0.4132197326,0.3826005319,0.9260771923,0.8445543803,0.8068709658,0.7187432126,0.6999703818,0.651619889,0.5568044487,0.529008436,0.9714014938,0.9341667521,0.9060623732,0.8714819358,0.8923917771,0.8486117291,0.8053490719,0.7689376193
9,0,48500,0,0.520996007,0.4362121642,0.3484870988,0.3072612406,0.2455848657,0.2107975204,0.1962754663,0.1782057996,0.5796632811,0.5131461008,0.4502693934,0.4296769957,0.3519831457,0.3121442766,0.3016366368,0.283635194,0.627371995,0.5956112918,0.5533952548,0.542240117,0.524095037,0.5095464263,0.5041017394,0.4803994129
9,0,48510,1,0.1517378588,0.1288953755,0.1079759949,0.094592463,0.0875996839,0.0741689381,0.0662552181,0.0618324746,0.1656027785,0.1490561393,0.1344617155,0.1256755579,0.1115453002,0.1031060242,0.0939318263,0.0901111261,0.1774691783,0.1683172535,0.1585381078,0.1541682721,0.152899592,0.1496300507,0.1425727145,0.1375319121
9,0,48520,2,0.0671538188,0.0566308857,0.0481041663,0.0429686616,0.0369591136,0.0313658699,0.0274577556,0.0256199831,0.0735408676,0.0660040525,0.0591112383,0.0557854053,0.0485607522,0.0441768721,0.0418333186,0.0398410657,0.078733515,0.0749489941,0.0707776468,0.0693759344,0.0672076893,0.0645681175,0.0638045569,0.0604477115
9,0,48530,3,0.0275209312,0.02314414,0.0194714691,0.016785097,0.0155053442,0.012723541,0.0121733073,0.009492513,0.0302479252,0.027184314,0.0245261731,0.0227762589,0.0199126645,0.0176813723,0.0163540274,0.0154832514,0.0325982615,0.0308493892,0.0291599365,0.0286645811,0.0274623507,0.0269670332,0.0268914306,0.0247929086
9,0,48540,4,0.0113938931,0.0094995213,0.0077448713,0.0070771754,0.0062558423,0.0053145613,0.0046585528,0.0035140438,0.0126046863,0.0113651044,0.0100609951,0.0098741294,0.0080430516,0.0073579928,0.0067379148,0.0065271952,0.0135138932,0.0128398864,0.0119926208,0.0118600556,0.0113811304,0.0112577159,0.0106536181,0.0102870985
9,0,48550,5,0.0048213476,0.0040814535,0.0033082009,0.0030885584,0.0025439005,0.0019607818,0.002044051,0.0014739188,0.0053286687,0.0047861632,0.004148819,0.0039371519,0.0034621391,0.0030371927,0.0029353642,0.0026292196,0.0057565557,0.0054632225,0.0050531684,0.0049220546,0.004956163,0.0048008567,0.0049396816,0.0043379166
9,0,48560,6,0.0018766525,0.0015943826,0.0012489109,0.0011435343,0.0010328437,8.17782286585952E-4,7.225166084955015E-4,6.586964652356452E-4,0.0020815944,0.0018872845,0.0016715297,0.0015910637,0.0013053245,0.0012232814,0.001198034,0.0011534357,0.0022387774,0.0021421042,0.0019820098,0.0019354798,0.0019366911,0.0018895876,0.0018014186,0.0018711898
9,0,48570,7,7.40822001403955E-4,6.541492270792868E-4,5.31147147531233E-4,4.837003583895954E-4,3.779897196270302E-4,3.037592606914607E-4,2.677087189241318E-4,2.8125709040629295E-4,8.089011625329068E-4,7.336462768192499E-4,6.411822792007673E-4,6.085278930892503E-4,5.582505227666805E-4,5.15445011131712E-4,4.234776287413565E-4,3.9999927223867844E-4,8.655198340451208E-4,8.239754403389363E-4,7.699294122615179E-4,7.354286722800857E-4,7.334937602066525E-4,7.418783977119964E-4,7.261697717658331E-4,6.460139770916608E-4
8,1,45430,-7,0.0035608255,0.0065827348,0.0086701231,0.0134187501,0.0088804686,0.0154906973,0.0104249187,0.0210769871,0.0018418682,0.0032422805,0.0036860363,0.0059435189,0.0040952759,0.0064890431,0.0070782434,0.0102192445,0.0010252331,0.0014756329,0.0016735479,0.0027458587,0.0023141258,0.0027246732,0.0038356874,0.0050839212
8,1,45440,-6,0.0084189398,0.0164711675,0.0164365157,0.0328239225,0.0184864569,0.0287184158,0.0357361622,0.0604861153,0.0043092501,0.0074793607,0.008393727,0.014437757,0.0099431622,0.0172794639,0.0161194642,0.0280467664,0.0025928378,0.0037351152,0.0041184363,0.0061360671,0.004305992,0.0068667197,0.0078114122,0.0120220225
8,1,45450,-5,0.01792785,0.0323211909,0.0338811722,0.0621718738,0.032511447,0.0619104791,0.063777553,0.11240642,0.0105307313,0.0187710382,0.0201717508,0.0379001532,0.0206040394,0.0338238883,0.0427048588,0.0697471431,0.0064539926,0.0092292511,0.009663639,0.0162798008,0.0099529608,0.0151448974,0.0182133168,0.0369893249
8,1,45460,-4,0.0364958293,0.0634588722,0.0680834215,0.1181316605,0.0682031528,0.117409461,0.1585107916,0.2350188761,0.0228419057,0.037141765,0.0380736482,0.0647022146,0.0451427703,0.0726773597,0.0915584914,0.124830659,0.0149281033,0.0210451664,0.0229981974,0.0366730958,0.0225672825,0.034073935,0.0401573463,0.0577372096
8,1,45470,-3,0.0767363621,0.1269464129,0.1344880083,0.222334351,0.1417375653,0.2120162167,0.2360491958,0.3852501146,0.0500007681,0.0801560226,0.0865010923,0.1421964398,0.0934705242,0.1448609476,0.1620411508,0.241782728,0.0348665303,0.0473519201,0.0505974234,0.0739867882,0.0527575049,0.0865409593,0.0760547339,0.1307938231
8,1,45480,-2,0.1542327668,0.2348368592,0.268549066,0.3629373298,0.277578649,0.3882352377,0.4625998209,0.5275338219,0.1087782771,0.1603147805,0.1808347572,0.2355489212,0.2147570865,0.2873972069,0.3323080756,0.3655721417,0.0814379211,0.1035509804,0.1166523469,0.152229592,0.1204677757,0.1556227828,0.1885553724,0.241916067
8,1,45490,-1,0.2999896892,0.394978983,0.4814275598,0.5343899815,0.562093239,0.6610130225,0.7001371139,0.6925879748,0.2361930119,0.3116172336,0.3588533834,0.4159080022,0.4581337361,0.5050812168,0.5550090017,0.5791813475,0.184635608,0.2262260993,0.254412632,0.2837300062,0.2774176055,0.2994410347,0.3389464553,0.3742572214
8,1,45500,0,0.6328827562,0.6939771422,0.7574644013,0.7812359876,0.8287894357,0.8503852818,0.8645655514,0.8712639856,0.5872360745,0.6369488484,0.6814899184,0.7008828765,0.7574787568,0.7627421964,0.7904405204,0.7945335668,0.5492452508,0.5727323997,0.6082485616,0.6153480388,0.6165016595,0.6299806611,0.6420930012,0.6661916917
8,1,45510,1,0.8920679171,0.9105415521,0.9244374632,0.9346173252,0.9391099115,0.9516755605,0.956206904,0.9605243675,0.8798888383,0.8937504011,0.9043753185,0.9090293169,0.9237905023,0.9303787647,0.9316083628,0.9348702832,0.8699390441,0.8772934132,0.8850025465,0.8884446485,0.8895721942,0.8914393395,0.8975234934,0.9023336598
8,1,45520,2,0.9562185837,0.9629043574,0.9689936495,0.9728326651,0.9757331086,0.9795258596,0.9807436585,0.9830354828,0.9514813561,0.9564061192,0.961055584,0.9637566095,0.9685156507,0.9700802382,0.9718798918,0.9731933422,0.9476197998,0.9498106622,0.953741138,0.9540280898,0.9553738683,0.9565194828,0.9573756833,0.9595774747
8,1,45530,3,0.9821049808,0.9848167614,0.9871402472,0.9883668953,0.990134824,0.9918617923,0.9915820709,0.992500879,0.980109789,0.9821902094,0.9841002427,0.9847365798,0.9866617351,0.9879710561,0.9882535696,0.9890090177,0.9785937374,0.9797457597,0.9808756252,0.9816004646,0.9814927773,0.982416892,0.9819433297,0.9833777716
8,1,45540,4,0.9927052189,0.993881401,0.9947579509,0.9954649947,0.9959389731,0.9965596156,0.9969724446,0.9970336592,0.9919030926,0.992788155,0.9934901314,0.9940450114,0.994404798,0.9949929039,0.9957030573,0.9958371212,0.9912684338,0.9917315692,0.9921039281,0.992454493,0.9924247173,0.9928319824,0.9930298145,0.9932584643
8,1,45550,5,0.9970714519,0.9975446762,0.9980325855,0.998193173,0.9985140326,0.998702492,0.9987501708,0.9990024717,0.9967299971,0.9971012835,0.9974194879,0.9976449685,0.9979593753,0.9980059098,0.9981693429,0.9983575108,0.9964781941,0.9966545933,0.9968620758,0.9970392365,0.997018854,0.9970715004,0.9971516927,0.9974635012
8,1,45560,6,0.9989122538,0.9990882976,0.9992678567,0.9993476166,0.9994695156,0.9995479823,0.9995069793,0.9996110419,0.9987898736,0.9989320686,0.999015809,0.9991246273,0.9992908447,0.9992869518,0.9993664075,0.9993488732,0.9986867672,0.9987603835,0.9988421268,0.998891515,0.9988692621,0.9988935326,0.9988966135,0.9989538363
8,1,45570,7,0.9996235566,0.9996887495,0.9997427721,0.9997893961,0.9998090516,0.9998395204,0.9998537467,0.9998771613,0.9995792974,0.9996285524,0.9996732033,0.9996920607,0.9997482966,0.9997617146,0.999767517,0.9998021012,0.9995459679,0.999577583,0.9996006359,0.9996177187,0.9996193469,0.9996295065,0.9996329208,0.9996716491
8,0,42430,-7,0.9978632404,0.9956681018,0.9949924127,0.9919712991,0.9956197473,0.9894869574,0.9922812867,0.9827727905,0.998973896,0.998003677,0.9976367533,0.9957611087,0.9974576039,0.9956590946,0.995846104,0.991553967,0.999422214,0.9990762172,0.9990300897,0.9981829159,0.9988200231,0.9984456023,0.9984944557,0.9968922298
8,0,42440,-6,0.9949072497,0.9901985382,0.9893116282,0.981199518,0.9874442343,0.9803254849,0.9795084757,0.960586844,0.9972569536,0.9948405056,0.994644974,0.9903229844,0.9945228368,0.9899485302,0.9892424799,0.9806182277,0.9984569423,0.9975319183,0.9975633507,0.9955007393,0.9974629259,0.9957926627,0.9952487135,0.9899845144
8,0,42450,-5,0.9885569644,0.978687766,0.9762140973,0.9565967979,0.9789616316,0.9597221874,0.95334394,0.9107134256,0.993729307,0.9895892696,0.9869043085,0.9794191199,0.9867125622,0.9763149234,0.9774146132,0.9597651703,0.9961426919,0.9945476107,0.9942834003,0.9902175746,0.9937845152,0.9903590676,0.9882778485,0.9774339339
8,0,42460,-4,0.9750767983,0.9546341907,0.9518404388,0.9198461102,0.9515354882,0.917489428,0.8962580502,0.8439686221,0.9849351802,0.9745849094,0.9714841067,0.9512750549,0.9695905153,0.9527289794,0.9382321536,0.9058435708,0.990503795,0.9866329163,0.9851412446,0.9764207055,0.984859651,0.9722284126,0.9732324851,0.9485231876
8,0,42470,-3,0.9476649508,0.9096350774,0.90027844,0.8332931192,0.8962818191,0.8451042554,0.8089161144,0.7531494365,0.965958122,0.9437773602,0.9369742071,0.9000156809,0.933263429,0.8930155632,0.8661695155,0.8168014085,0.9769428107,0.9689141809,0.9641380837,0.9471033714,0.9618874567,0.9435357178,0.9435561766,0.9088950609
8,0,42480,-2,0.8921010364,0.8289303068,0.813533927,0.7272067349,0.7904998489,0.7037790632,0.6552052541,0.5628153214,0.9240395433,0.8852407129,0.8664817377,0.8181223768,0.8499934257,0.7994587804,0.7453392524,0.713363755,0.9450008801,0.9252198945,0.9192065449,0.892002922,0.917753977,0.8845609882,0.8577916491,0.8363743455
8,0,42490,-1,0.7762709513,0.6887666228,0.638600896,0.5589532722,0.5776054623,0.482630253,0.4231307283,0.3928609177,0.8293607692,0.7630656263,0.7318176888,0.6839798683,0.6694633064,0.6013367206,0.545735176,0.5369196978,0.8683213942,0.8385462043,0.8174588674,0.7943990758,0.8053542981,0.7754571954,0.7534496085,0.7317474271
8,0,42500,0,0.5184787414,0.445572351,0.3768413523,0.3287729824,0.3168344274,0.2605422469,0.2440149266,0.2171583493,0.5667628907,0.5107275017,0.4647141715,0.4399255626,0.3945232971,0.3587934187,0.3323645516,0.3146202924,0.6066336699,0.5757176746,0.5451738287,0.5315334439,0.5282161268,0.5111519139,0.4826119369,0.4573191531
8,0,42510,1,0.249915608,0.2150647398,0.1878170258,0.1680929034,0.1568886494,0.1330584406,0.1144696907,0.1004981907,0.2719088501,0.2471711295,0.2250741026,0.216761645,0.1911975692,0.1804195485,0.1616770677,0.1529435443,0.2885344591,0.2770858821,0.2627460756,0.2554648452,0.2535374972,0.2479766266,0.2415441203,0.2238265957
8,0,42520,2,0.1267665952,0.1083778521,0.0919563806,0.0823214654,0.0765581733,0.064535008,0.060787441,0.0495394337,0.1390329379,0.1259817831,0.1140893667,0.1080473843,0.0952678879,0.0864508725,0.0863707184,0.0818858094,0.1478974212,0.1412100393,0.1331194158,0.1307208849,0.1315341388,0.1219178467,0.1210406297,0.1176586918
8,0,42530,3,0.0632124093,0.0543991982,0.0470583418,0.0408695376,0.0369205872,0.0290830415,0.0274468775,0.0229683992,0.0692325644,0.0632310292,0.056993905,0.0535138604,0.0481487097,0.0445335466,0.0406763101,0.0369025536,0.0736290324,0.0706364642,0.0664702728,0.0648013815,0.0641253925,0.0619505843,0.0593980748,0.0567856149
8,0,42540,4,0.0300592791,0.0259441998,0.0227397795,0.0202974853,0.0191325147,0.0162722936,0.0145361474,0.0125048529,0.0328351116,0.0297426009,0.026886688,0.0253621665,0.0237011447,0.0217078042,0.0190240383,0.0173574573,0.035117651,0.0335207345,0.0317131744,0.0305283756,0.0301443693,0.0286887136,0.0281577058,0.0263834224
8,0,42550,5,0.0147109043,0.0124819677,0.0110840435,0.0094329504,0.0094888559,0.0080399553,0.0066237533,0.0055941573,0.0161828545,0.0146116407,0.0134741128,0.0123486562,0.0111054953,0.0101242346,0.0092666033,0.0086487832,0.0172291056,0.0164249453,0.0156573345,0.0149853504,0.015088322,0.0139484653,0.0143822414,0.0127025406
8,0,42560,6,0.0068094757,0.0057890037,0.004843458,0.00447424,0.0039944823,0.0033386853,0.0029393626,0.0023804927,0.0075108951,0.0067479555,0.0060959423,0.0056380925,0.0048701009,0.0045342959,0.0046262747,0.0042489134,0.008033187,0.007658521,0.0072205719,0.006953642,0.0067600678,0.0066798408,0.0063875163,0.0060677643
8,0,42570,7,0.0029111219,0.002510507,0.0020144389,0.0017841772,0.0016573944,0.0013465008,0.0011527234,0.0011351765,0.0031835947,0.0028676407,0.0027240037,0.0024545951,0.0021936213,0.0022168108,0.001886954,0.0018402546,0.003399811,0.0032703171,0.0030438973,0.002945321,0.0029205699,0.0028435282,0.0027823435,0.0026245635
7,1,39430,-7,0.0089839874,0.0160885073,0.0169466442,0.0276213743,0.0156503221,0.0256328529,0.0308867733,0.0573132493,0.0052132669,0.0081073255,0.0097840176,0.0151092905,0.0104735712,0.0152488029,0.0214967709,0.0298546383,0.003555486,0.0044217163,0.0050630053,0.0070587242,0.0055363723,0.005821883,0.0082388565,0.014222119
7,1,39440,-6,0.0180372966,0.0285584559,0.032473174,0.049638824,0.0417607326,0.0603209084,0.0615492304,0.0919093931,0.0118207093,0.0182369576,0.0197388807,0.0303770007,0.0224548014,0.0367014834,0.0362268381,0.0599633177,0.0082368503,0.0104295401,0.0125788201,0.0157056038,0.0122574725,0.0174165163,0.0199577577,0.0236279158
7,1,39450,-5,0.0341897793,0.0542261084,0.05709829,0.0947761313,0.0510882628,0.0977490078,0.1014727488,0.1686782585,0.0239105603,0.0348200005,0.0373260004,0.0554858395,0.0396533451,0.064794643,0.0675170829,0.1032952759,0.0177601631,0.0223536111,0.0244006078,0.0300041193,0.0253725722,0.0352825992,0.0387621151,0.0575001113
7,1,39460,-4,0.063710341,0.0935961993,0.1044437451,0.1428078769,0.115856956,0.1639179337,0.1767033402,0.2103815586,0.0459037745,0.0651156035,0.0699443906,0.1007452796,0.0822603498,0.1099369363,0.1157587222,0.1704832588,0.0354044826,0.0429999694,0.0474147211,0.0611895522,0.0493984413,0.0604462623,0.057072646,0.0911987191
7,1,39470,-3,0.1185552677,0.1692252871,0.1867147679,0.2609543638,0.1948175414,0.2657227026,0.2914303405,0.3803946801,0.0894694544,0.1202804372,0.1316656971,0.1793227474,0.1496013336,0.1846574205,0.2008996229,0.2533623971,0.0718194624,0.0843168488,0.0935014621,0.1088351311,0.0947885431,0.1197725138,0.1276509517,0.1673872361
7,1,39480,-2,0.2120285566,0.2848343552,0.3111219313,0.3834824019,0.3409930188,0.4484778308,0.4929220754,0.5373018122,0.1701816204,0.2186375712,0.2377191629,0.2924886122,0.2723160849,0.3352138512,0.3569335363,0.4104973331,0.1428486493,0.1668535045,0.1785407931,0.2053214758,0.1803022308,0.2193017455,0.2307610529,0.2596392904
7,1,39490,-1,0.3647590467,0.4418098347,0.5016673381,0.5723233547,0.5509788222,0.6209826801,0.6727914805,0.7395473415,0.3131099573,0.3710955459,0.4112715574,0.4584764409,0.465946639,0.5171137875,0.5566381963,0.5815349034,0.2745213317,0.3056499748,0.3294015301,0.3513467501,0.3437577902,0.3759746276,0.3889814354,0.421381056
7,1,39500,0,0.609660888,0.6641482871,0.7207950484,0.7567020938,0.7747254033,0.8131121233,0.8313268894,0.8464530185,0.5705177508,0.6133481572,0.6458599908,0.6680526049,0.7111783536,0.7384411459,0.7562481207,0.7705901513,0.5389099362,0.5588664391,0.5887981562,0.5951906331,0.6034790344,0.6151450991,0.6276000193,0.6375317006
7,1,39510,1,0.8186100881,0.8442892328,0.869507961,0.8840241464,0.8933102494,0.9108675333,0.9186099305,0.9279956384,0.8001552683,0.8205804967,0.8380582583,0.8477379955,0.8633362275,0.8735055663,0.8862402347,0.894650664,0.7860992829,0.797180021,0.8086492547,0.8148591376,0.8145511581,0.8213090912,0.8310965313,0.8410565879
7,1,39520,2,0.9129452949,0.9266139943,0.9370536806,0.9459013834,0.9481072386,0.9561918399,0.9598362903,0.9660430896,0.9040885731,0.913558025,0.9228737892,0.9276657482,0.9336334472,0.9390855361,0.9432542424,0.9468515056,0.896708537,0.901713092,0.9068009263,0.910696022,0.9101282284,0.9138605531,0.9146215057,0.9177211071
7,1,39530,3,0.9579104704,0.9644913326,0.9709630626,0.9730104801,0.9763914521,0.979188324,0.9822737493,0.9836476503,0.9535514646,0.9582706358,0.9625556472,0.9645183324,0.9690317948,0.97034882,0.972254174,0.974054868,0.950072073,0.9524764774,0.9559573512,0.9569206394,0.9564719342,0.9585906184,0.9597983089,0.9605664838
7,1,39540,4,0.9801701432,0.9832392744,0.9864027022,0.9870151034,0.9889069524,0.9907921535,0.9909907551,0.9922019453,0.9780145209,0.9805260057,0.9820607659,0.9832541023,0.9854223608,0.9864468282,0.9868745558,0.9880270312,0.9761984559,0.9775586964,0.9785750605,0.9792756915,0.9790476065,0.9798118721,0.9803531831,0.9813709503
7,1,39550,5,0.9909022069,0.9922823157,0.9935893468,0.9943188119,0.9945116994,0.9957735994,0.9962289416,0.9964119338,0.9899544814,0.9910221384,0.9919718615,0.9924493912,0.9931830709,0.9940186125,0.994057135,0.9946102764,0.9890830436,0.9895851694,0.990260333,0.990566122,0.9905667397,0.9908324318,0.9908614034,0.9912867076
7,1,39560,6,0.9959613019,0.99660284,0.9971616635,0.9974878063,0.9976569889,0.9982444532,0.9984351239,0.9985569827,0.9955150551,0.9959201233,0.9962750824,0.9967117436,0.9970111069,0.9972152937,0.9975224784,0.9976930711,0.9951846966,0.9954122656,0.9955789084,0.995766102,0.9957257559,0.9959613189,0.9963461874,0.9962994629
7,1,39570,7,0.9982937401,0.9985530175,0.9988047652,0.998916568,0.9990049216,0.9992803669,0.9993031848,0.9993962873,0.9981135977,0.9982696306,0.9984655791,0.998611807,0.9987007637,0.9988447157,0.9989146032,0.9988880002,0.9979548334,0.9980329399,0.9981633381,0.9981950206,0.998210728,0.9983014829,0.9982903188,0.9983790252
7,0,36430,-7,0.994926194,0.9914840254,0.9896556405,0.9844704954,0.9899868531,0.982831695,0.980880349,0.9754909297,0.9966695807,0.9946922406,0.994811913,0.9912485956,0.9936389053,0.991168196,0.9887286314,0.9833694443,0.9978016128,0.9969721435,0.9969269077,0.9954019683,0.9962264837,0.9959723657,0.9937165672,0.9927719802
7,0,36440,-6,0.9889456966,0.9821555954,0.9791731139,0.9653189056,0.9788334837,0.9675977113,0.9645377055,0.9348786918,0.9929522324,0.9892113037,0.9878734275,0.9815728305,0.9860852606,0.9810677924,0.9792665911,0.9641391158,0.9950927749,0.9934796766,0.9935373083,0.9898943605,0.9924265663,0.9897876115,0.9900001983,0.97963454
7,0,36450,-5,0.9772337205,0.9628333179,0.9606264164,0.9389739579,0.9564715981,0.9313373843,0.9349000042,0.8908255225,0.9849025266,0.9776963083,0.9757986011,0.9617583889,0.9725557152,0.9595857219,0.9569812945,0.926695555,0.9891296338,0.986127156,0.9846917816,0.9787367674,0.9837716884,0.978770884,0.9738061417,0.9599270085
7,0,36460,-4,0.9554654272,0.9308401384,0.9264449035,0.8870552885,0.9271666965,0.8726465959,0.8704270187,0.8047034319,0.9688216582,0.9548004137,0.9481013645,0.9259042636,0.946466292,0.9172696033,0.9184536683,0.8699928378,0.9765509893,0.9705292168,0.9696619383,0.9561507667,0.9673194657,0.9575871159,0.9506344294,0.9187979594
7,0,36470,-3,0.9144659739,0.8719197564,0.8625949601,0.8013065538,0.8564165792,0.7940986549,0.7665270541,0.6767199618,0.9372387978,0.9102966697,0.9040381835,0.863899075,0.8879497717,0.8570322301,0.8466761693,0.77933239,0.9511367089,0.9392039257,0.9364691871,0.9149689455,0.9342092461,0.9092602272,0.9048277821,0.8695562359
7,0,36480,-2,0.8482936924,0.7919546179,0.7674369425,0.6918737117,0.7222322514,0.6596688645,0.6165675992,0.5640147788,0.8799910586,0.8425902655,0.8273552923,0.7803506173,0.7989838432,0.7564449656,0.7224278123,0.6895682974,0.9014875244,0.8838142279,0.8743148029,0.8499361675,0.8668308024,0.8443353075,0.8284397719,0.8044886699
7,0,36490,-1,0.7235756638,0.6555935082,0.6107931818,0.5429700916,0.5697894937,0.4940848767,0.4547938818,0.4304151386,0.7667436958,0.7156132779,0.6888684994,0.6399010004,0.641228959,0.6030822474,0.5548306498,0.5299100739,0.7987062877,0.7724016546,0.7558549738,0.7312339202,0.7410709215,0.7275426306,0.6937678197,0.6767672794
7,0,36500,0,0.5222257151,0.4634484007,0.4075998358,0.3663742772,0.3542963198,0.2968236023,0.2795006174,0.2580206235,0.5615207556,0.5162635691,0.4792141011,0.4608349333,0.420857853,0.3936927189,0.3700011862,0.3658150036,0.5913238505,0.5687456108,0.5458099273,0.5345842556,0.5276359864,0.5219270583,0.5045883939,0.4792033441
7,0,36510,1,0.3092050715,0.270676292,0.240715283,0.2123080368,0.2007501334,0.1788943874,0.1569609356,0.1466210079,0.3334753646,0.306086454,0.2843564837,0.2698069754,0.2518822219,0.2352611093,0.213877146,0.2108679238,0.3521708105,0.3365177209,0.3205265462,0.3146715699,0.3157856146,0.3069071269,0.3061602466,0.2906192783
7,0,36520,2,0.178857544,0.1563116519,0.1353518574,0.1232488428,0.1162628792,0.0966054716,0.0932212886,0.0829017459,0.1935670208,0.1773837458,0.1645377961,0.1555456886,0.1424606051,0.1361367647,0.1253179259,0.122033974,0.2043156658,0.1960888461,0.1869228808,0.1819028792,0.1832814309,0.1780478296,0.173559179,0.1625259526
7,0,36530,3,0.0980853149,0.0838067982,0.0742979648,0.0662317728,0.0613176689,0.0531717934,0.047325505,0.0386545075,0.1072149557,0.0975512334,0.0880074102,0.0846742664,0.0768920681,0.0732944146,0.0649450278,0.0624655273,0.1140768121,0.1088850099,0.1031829966,0.101073496,0.1016180428,0.0987165609,0.0963542211,0.0923468432
7,0,36540,4,0.052643145,0.0455260774,0.0399097438,0.0351988744,0.03505133,0.0279625334,0.0255342431,0.0250844938,0.0573385737,0.0519336068,0.047893384,0.0448900172,0.0424806568,0.0360811039,0.035089516,0.0348187384,0.0610444068,0.0584289538,0.0549098866,0.0538091216,0.0540677037,0.0505504664,0.0503657195,0.0478330795
7,0,36550,5,0.02806553,0.0238158318,0.0210413625,0.0185637973,0.0174125299,0.0148209025,0.0123223064,0.0125027376,0.0308715576,0.0280235487,0.0252078413,0.0243790002,0.0217070453,0.0195209413,0.0190950095,0.0190280348,0.032868711,0.0314909472,0.0294882176,0.0286114908,0.028973819,0.028122585,0.0281921625,0.0264660854
7,0,36560,6,0.0146857483,0.0125769523,0.0108489069,0.0094621014,0.0091090808,0.0076753117,0.0064325435,0.0059187355,0.0161698822,0.0147258431,0.0136732599,0.0123845637,0.0116012862,0.0102855881,0.0095725712,0.0087442961,0.017259768,0.0164281738,0.0157014136,0.0153599431,0.0156889724,0.0145204262,0.0135932447,0.0137193713
7,0,36570,7,0.0072690512,0.0062491807,0.0053127417,0.0045553258,0.0032909381,0.0030910992,0.0033335349,0.0028687718,0.0080094114,0.0072742435,0.0067591174,0.0063814385,0.0056952783,0.0048559879,0.0044083054,0.0046465013,0.0085772618,0.0082229816,0.0076287712,0.0077255733,0.0073854755,0.0073600554,0.0072175545,0.0063742471
6,1,33430,-7,0.0169234842,0.0265605402,0.0286847238,0.0404891031,0.0293314877,0.058381453,0.0456107911,0.0596199366,0.0117891441,0.0172492231,0.0188333248,0.027401946,0.0185629969,0.0278326356,0.0283941578,0.0426207458,0.0087180803,0.0113237484,0.011733576,0.0165725046,0.0128833984,0.0154887694,0.018197147,0.0301996718
6,1,33440,-6,0.0306430969,0.0446875993,0.0479775066,0.0714574307,0.0556307022,0.0746298831,0.0833903955,0.1076655309,0.0219189733,0.0302528017,0.0332036351,0.0446735788,0.0387532865,0.0472152851,0.0553176028,0.0799047421,0.0169975475,0.0198556672,0.0216660268,0.0239901623,0.022994403,0.0318864894,0.0255994419,0.041942685
6,1,33450,-5,0.0537645764,0.0763910575,0.0848107163,0.1124335714,0.0922709744,0.1227973535,0.1349396619,0.1524228616,0.0403201732,0.0554339772,0.0576274349,0.0800023994,0.0670956997,0.0815452267,0.0943221318,0.1244559862,0.032058715,0.038986038,0.0397991031,0.0493451925,0.0398799803,0.0514469228,0.0605158137,0.0686452888
6,1,33460,-4,0.0951180491,0.1329819228,0.1454119303,0.192891339,0.157501925,0.2244084433,0.2235087076,0.2916776914,0.0731649683,0.0948658066,0.1028641363,0.1319281241,0.1183542819,0.1484724652,0.1704528183,0.2045595774,0.059468545,0.0680819104,0.0727516038,0.085885605,0.0760600288,0.0894724042,0.1001694475,0.1303599605
6,1,33470,-3,0.1608630036,0.2137694219,0.2331325749,0.2940066373,0.256076296,0.318336579,0.3442073096,0.4133415465,0.1297348016,0.1646493265,0.1747499649,0.2185739127,0.198682925,0.2424158421,0.2792854486,0.3158670946,0.1092525843,0.1249516791,0.1331373552,0.1509648557,0.1365542986,0.161927983,0.1707071971,0.2218371397
6,1,33480,-2,0.2640844545,0.3278865392,0.3621473772,0.4158336849,0.3892622352,0.4640210266,0.4902498549,0.543012838,0.2235340293,0.2678160781,0.290481465,0.3358095434,0.3272884634,0.373916387,0.3804566389,0.4328512029,0.1945662213,0.2153534638,0.2315265031,0.2561820537,0.2289003578,0.263201769,0.2609014539,0.3060890161
6,1,33490,-1,0.4098412632,0.4793759024,0.5275458531,0.580864885,0.5855330343,0.6209273021,0.6666345975,0.6957305368,0.3645754982,0.4124928571,0.4470185939,0.4765371301,0.4951165061,0.5262621778,0.5709477339,0.5821756185,0.3301552738,0.3549953627,0.3710400285,0.398162032,0.3898382971,0.4104329291,0.4198030579,0.4486072391
6,1,33500,0,0.602875829,0.6525467273,0.6966147948,0.725053472,0.743513996,0.7776736054,0.7936524919,0.8092169455,0.5676967592,0.6053933948,0.6359214132,0.6590511755,0.6815296398,0.7059454069,0.727459452,0.7340767783,0.5402846955,0.5601118129,0.5817861408,0.5939969569,0.5853091665,0.6028609887,0.6117945867,0.6279418769
6,1,33510,1,0.7725275029,0.8019018064,0.8263631471,0.844350678,0.8520850556,0.8750285554,0.8878919298,0.9009863978,0.751010214,0.7733493631,0.7926321736,0.8069379369,0.8209243368,0.8317650155,0.8400837789,0.851932838,0.7345598758,0.7456412861,0.7585585614,0.762447048,0.76715785,0.7725084107,0.7800540321,0.7874446752
6,1,33520,2,0.8743814863,0.8907142851,0.905081681,0.9164126023,0.9176712736,0.9296412017,0.9365634615,0.943881505,0.8626992705,0.8738062274,0.8837707747,0.8927922079,0.8999377951,0.9044439049,0.9151756242,0.9168963097,0.8542077885,0.859930094,0.8663275722,0.8697440104,0.8690797759,0.872975456,0.8778567847,0.8817002068
6,1,33530,3,0.9299037596,0.9393729527,0.9481651603,0.9528456205,0.9562066277,0.9627761901,0.9681210609,0.9709937611,0.9227669111,0.9300523361,0.9361601852,0.9392551377,0.9449226059,0.9487330875,0.9535922012,0.953911517,0.9175950189,0.92123433,0.9257157627,0.9270776733,0.9278374626,0.9299931434,0.9326212921,0.9336736242
6,1,33540,4,0.9639896687,0.9698229304,0.9736653185,0.9776456437,0.9773522429,0.9813867032,0.9852363784,0.9875954201,0.960212242,0.9637956575,0.9679039742,0.9695203035,0.9730227043,0.976008854,0.9759371728,0.9794037972,0.9573858055,0.9595921895,0.9613191213,0.9633114624,0.9640263959,0.965146068,0.9648417626,0.9674833194
6,1,33550,5,0.9818836576,0.9845695974,0.9867718719,0.9883270344,0.9887219547,0.9909192597,0.9919989456,0.9930494314,0.979933136,0.9820074047,0.9834913949,0.9849067802,0.9858069138,0.9872420122,0.9889124956,0.9893489474,0.978321538,0.9795239468,0.9804660085,0.9815568588,0.9806928831,0.9814586085,0.9820981763,0.9836256734
6,1,33560,6,0.9912062002,0.9926098012,0.9937955716,0.9944457246,0.9943630767,0.9960364999,0.9959094819,0.9961872948,0.9902785105,0.9914421224,0.992341949,0.992748504,0.9931547315,0.9939066804,0.9943949669,0.9950158648,0.9894626945,0.9900331087,0.9904646859,0.991016015,0.9907827796,0.9909191535,0.9917491714,0.9917522132
6,1,33570,7,0.9959684384,0.9966463582,0.9970278624,0.9975081355,0.9976465607,0.9979548156,0.998124434,0.998455791,0.9955325859,0.996010423,0.9964527712,0.9965915164,0.9971078074,0.9974131457,0.9975310979,0.997587139,0.9951658294,0.9954018333,0.9956994657,0.9957648884,0.9957326381,0.9958306178,0.9959417816,0.9962290457
6,0,30430,-7,0.9896426685,0.9834203852,0.9808435591,0.9742807671,0.9764580978,0.9678471521,0.9618529753,0.9536336116,0.9932061115,0.9894431427,0.987889838,0.9818761753,0.9885008065,0.981293494,0.9751291359,0.9699959332,0.9951422136,0.9937449029,0.992502566,0.9906861059,0.9938205845,0.9882851278,0.9889375198,0.9860682228
6,0,30440,-6,0.981036345,0.9707192383,0.9673598693,0.9510172704,0.9667233753,0.9540380297,0.9424098739,0.920669569,0.9863018796,0.9808283268,0.9793798461,0.9710690769,0.9773532676,0.9656161973,0.9622784128,0.9530908103,0.9895904521,0.9869102924,0.9859543498,0.9804559674,0.9857236442,0.9820269171,0.9800038294,0.9675329797
6,0,30450,-5,0.9637402728,0.9479203957,0.9391210899,0.9177812181,0.9382168002,0.9119865524,0.9100429429,0.8829930333,0.9732277679,0.9642503835,0.9592354052,0.9465719642,0.9542998006,0.9408205955,0.932968534,0.9173992588,0.9790582344,0.9752715983,0.972146974,0.9668447801,0.9721440475,0.9674437485,0.9665037511,0.9468582903
6,0,30460,-4,0.9351307225,0.909272,0.9020083088,0.8653628986,0.8889172414,0.8516255303,0.840857123,0.7992490105,0.949774378,0.9353271017,0.9290870574,0.909222385,0.9190421281,0.8922999818,0.8904330518,0.8639606745,0.9591336085,0.9532593808,0.9489223681,0.9402180416,0.948871945,0.936627815,0.9302329008,0.9219631528
6,0,30470,-3,0.8850326109,0.8470896056,0.8259731798,0.7857857021,0.8174102394,0.7673967704,0.7391008451,0.7128319476,0.9075002691,0.8833978432,0.8737184663,0.8474727947,0.8565011197,0.8278737579,0.8075003189,0.7671143036,0.9222088527,0.9110732022,0.9072265079,0.8941855945,0.9032553077,0.8916490336,0.8813292577,0.861828846
6,0,30480,-2,0.8082658384,0.7531898402,0.7270960795,0.6707796063,0.706245454,0.6394333934,0.6113052474,0.5403584182,0.8398572878,0.8051332632,0.7913136383,0.75522115,0.7575344872,0.7346676477,0.6905934304,0.6740810845,0.8615986742,0.8440943393,0.8345650201,0.8157902032,0.82894156,0.8155657448,0.790614193,0.7834463726
6,0,30490,-1,0.6891026643,0.6261827005,0.5907322367,0.5364872878,0.5608001748,0.4844611215,0.4518068262,0.4190826598,0.7270962643,0.6855232804,0.6554312105,0.6205172997,0.6144599712,0.5751785285,0.549667509,0.5387104662,0.7541672036,0.7324054384,0.7178534056,0.6983616743,0.7126870288,0.688350378,0.6712605082,0.648225656
6,0,30500,0,0.5217501373,0.4659257604,0.425656221,0.3837960661,0.3853121046,0.3379181936,0.3017439453,0.2879541187,0.5576382839,0.5186004846,0.48952361,0.4680900017,0.4476735675,0.4098582624,0.3783208939,0.3701057038,0.5854123199,0.5665770695,0.5479889703,0.5339609279,0.5364333774,0.5202218542,0.5002844132,0.4902666318
6,0,30510,1,0.3499506643,0.3096115407,0.2807500222,0.2512208935,0.2484218957,0.2174285335,0.1965564189,0.1805440012,0.3773979631,0.3484185072,0.3238883203,0.3080991854,0.2894497837,0.2646601463,0.2548292897,0.241808874,0.3979373539,0.3842819233,0.3694094846,0.3615978284,0.3586741193,0.3435827919,0.3507382473,0.3334586251
6,0,30520,2,0.2249686484,0.1985975271,0.1779314089,0.1633297263,0.1556898425,0.1329902794,0.1199134308,0.1122253354,0.242646884,0.2247754533,0.2088092754,0.195913958,0.1867217497,0.1712113096,0.1553755106,0.1488799337,0.2557517152,0.2466066294,0.2359539018,0.2295924762,0.2324225498,0.2253330018,0.2141788792,0.2114869436
6,0,30530,3,0.1365736787,0.1208328095,0.1058977237,0.0942887447,0.092082483,0.0774353577,0.0713244351,0.0617965944,0.1475538659,0.1357014537,0.126344091,0.1184012558,0.1094199573,0.1039162622,0.0926691507,0.0888853191,0.155709096,0.1500770229,0.1431995974,0.1407070593,0.1395413388,0.1339974612,0.130205691,0.1272203737
6,0,30540,4,0.0801143115,0.0704898439,0.0614508665,0.0546121165,0.0530755215,0.0446445946,0.0401219977,0.035681929,0.0866782748,0.0796357187,0.0720382296,0.0679359494,0.0639109306,0.0578219824,0.0558127124,0.0491504934,0.0918628335,0.0881371575,0.0832162136,0.0810196393,0.0807292156,0.0798422005,0.0772978794,0.0719252706
6,0,30550,5,0.0452584689,0.0396272184,0.0341853659,0.0319415021,0.0280309117,0.0245781145,0.0221377946,0.0200540382,0.0489433037,0.0447454645,0.0411101643,0.0375724795,0.0357854167,0.0324964634,0.0303585493,0.0285945403,0.0518441224,0.0497073963,0.0471899966,0.0463685441,0.0464824353,0.0435862144,0.0434989565,0.0414404428
6,0,30560,6,0.0252530032,0.0216543733,0.0189621885,0.0164392738,0.0186742818,0.0127739941,0.0119578433,0.0105569229,0.0275101545,0.0247376204,0.0222785864,0.0206064805,0.0205957823,0.0176899241,0.0169419079,0.016269464,0.0293842019,0.0280630701,0.0262005228,0.0251806397,0.0265064206,0.0248651979,0.0241407418,0.0233456644
6,0,30570,7,0.0136948554,0.0116608005,0.0091799901,0.0088590215,0.0080923323,0.0074792182,0.0065608592,0.0048790278,0.015075642,0.0135630613,0.0121772873,0.0112837901,0.0095288227,0.0091627901,0.0090232263,0.0078190089,0.0162227457,0.0153434518,0.0145052134,0.0140888438,0.0139943143,0.0132465155,0.0135001935,0.0128679886
5,1,27430,-7,0.0273402063,0.0407433743,0.0430304222,0.0597245478,0.0440623178,0.0676132276,0.0755292476,0.0909479541,0.0202915353,0.0275331918,0.0292392282,0.0414135553,0.0332562375,0.0486462888,0.0405471341,0.0625316293,0.0157357749,0.0186044509,0.0191951931,0.0254305623,0.0206143762,0.0268587383,0.0281831547,0.0384210376
5,1,27440,-6,0.0460701815,0.0645207279,0.072280621,0.0986253897,0.0712431124,0.1080543986,0.1019791068,0.1522695111,0.0355479795,0.0483538839,0.052426681,0.0771800883,0.0550394437,0.072871278,0.0780028404,0.1086365564,0.0283839796,0.0335513248,0.0361880328,0.0466860272,0.0352738135,0.0422701138,0.0482426535,0.0509275061
5,1,27450,-5,0.0753656936,0.1034989293,0.1121885181,0.154154032,0.1293777578,0.1528535661,0.1751835433,0.2239285798,0.0597174757,0.0784311057,0.0857800085,0.1108493516,0.0924249043,0.1269109164,0.1246459871,0.1883898418,0.0500835729,0.0581626922,0.0619765227,0.0764774253,0.0632104942,0.0751668769,0.0748312582,0.1097753849
5,1,27460,-4,0.1220060834,0.1577481789,0.1775045083,0.2191658685,0.1868843434,0.2349832508,0.257297945,0.3521414241,0.1021980465,0.1275144391,0.1386473102,0.1753957836,0.1595556816,0.1788621379,0.197881523,0.2347278127,0.0880557253,0.0997387417,0.1052918841,0.1214447871,0.1126826781,0.1260610798,0.1396269013,0.152988968
5,1,27470,-3,0.1933698636,0.2458308912,0.2630737611,0.3333989167,0.2900086613,0.338745318,0.3916732098,0.4581458108,0.1653351536,0.1968585063,0.2112220526,0.251463814,0.2354103244,0.2769218953,0.2953230053,0.331817693,0.1474541114,0.1628262108,0.1724532998,0.1913060904,0.1709707657,0.2005187111,0.2007037259,0.228047189
5,1,27480,-2,0.2960449769,0.3522211226,0.3827786478,0.444005221,0.4263683471,0.4808656647,0.5150570568,0.5594426087,0.26221278,0.3020720081,0.3229743691,0.3766556754,0.3615629854,0.3840372452,0.4282688946,0.4542183317,0.2379966658,0.258024246,0.2727439779,0.2987171752,0.2769948579,0.3002670269,0.3209850218,0.3459488797
5,1,27490,-1,0.426935443,0.4856569948,0.5227025401,0.5829235865,0.5545607386,0.6180848779,0.6496006814,0.6826700311,0.3914229369,0.433133286,0.4619312114,0.501317032,0.5009171592,0.5430223333,0.5779182312,0.5941125511,0.3663665031,0.388283279,0.4054276336,0.4321385245,0.4126645788,0.429531036,0.4365733162,0.4773867641
5,1,27500,0,0.5912081649,0.6396246371,0.6725696979,0.7111773634,0.7070693843,0.7463515408,0.7723384109,0.7944771649,0.5604157792,0.5942397664,0.6199195088,0.6494904469,0.6652774728,0.6807902497,0.7033584064,0.7192242558,0.5373993866,0.5567675134,0.5728085631,0.5886137269,0.5800472767,0.5932742613,0.6100142848,0.6212421078
5,1,27510,1,0.7379238496,0.7705200429,0.7962876477,0.8207985611,0.8222506418,0.8466127594,0.8605006434,0.881514139,0.7169664267,0.7429177231,0.7605130403,0.7762694345,0.7886609936,0.7993019334,0.8224182168,0.8265437286,0.6998867276,0.7133917159,0.727288211,0.7360812534,0.7290975874,0.7350539298,0.7492334705,0.7630140552
5,1,27520,2,0.8417954898,0.8628777893,0.8791926772,0.8937560714,0.8957416937,0.9125519144,0.9166891379,0.9281360449,0.8274388465,0.8439330313,0.854638187,0.8654887036,0.8724490832,0.8822589912,0.8878135968,0.8921329608,0.8161123688,0.8240281189,0.8325138543,0.8378272255,0.8347844379,0.8395458932,0.8427756604,0.8457862173
5,1,27530,3,0.9071159893,0.9198502121,0.9298130316,0.9378428897,0.9402441639,0.950781807,0.9530773118,0.9608273839,0.8976073957,0.9073804995,0.9143621648,0.9191276678,0.9260252312,0.9301673129,0.9370656855,0.9389905047,0.8899731823,0.8953043242,0.9003415559,0.9033121041,0.9023130181,0.9066800967,0.9061618021,0.910083204
5,1,27540,4,0.9478551016,0.9556179909,0.9604572356,0.9656001049,0.9668960138,0.9731851344,0.97384674,0.978529297,0.9423395998,0.9470154388,0.9513099231,0.9545422052,0.9576552558,0.9605342918,0.9637661479,0.9669161396,0.9380600952,0.9405827149,0.9429117092,0.9445851029,0.9448226816,0.9454409456,0.9472874348,0.9512453798
5,1,27550,5,0.9706142381,0.9747854633,0.978147746,0.980562755,0.9812007678,0.983425312,0.9852720012,0.9875386756,0.9676073996,0.9705431013,0.9725097346,0.9753302051,0.9767644223,0.9779386169,0.978149855,0.9808392875,0.9654099259,0.9669756376,0.9678188449,0.9698649234,0.9690166754,0.9691158317,0.970758764,0.9725239636
5,1,27560,6,0.9845573846,0.9865612619,0.9883231118,0.9897966244,0.9896495481,0.9921460795,0.9933170571,0.9930831652,0.9828529299,0.9842846241,0.9857432143,0.9871471849,0.9873576884,0.9884404441,0.9897779987,0.9899902899,0.9816854762,0.9823342417,0.983482364,0.9836704365,0.9837024217,0.9845530393,0.9848858648,0.9856087076
5,1,27570,7,0.9916278026,0.9928420695,0.9940831273,0.9946403354,0.9950912966,0.9951838222,0.9961210619,0.9967215815,0.9906756778,0.9915465294,0.9924349318,0.9929143186,0.9939389778,0.9941712713,0.9945679618,0.9942456684,0.9900619065,0.9903767913,0.9911171547,0.9912252637,0.9917532018,0.9916095138,0.9919080754,0.9922967825
5,0,24430,-7,0.9847244805,0.9773781365,0.9772758387,0.9676499543,0.975690963,0.9623285896,0.949857322,0.9378277432,0.9882840289,0.9840874838,0.9832305178,0.9777232972,0.9810021737,0.9730550546,0.9733470173,0.9615852392,0.990581717,0.9890386,0.9871369883,0.9857516924,0.9872026358,0.9862579609,0.9825037099,0.97699282
5,0,24440,-6,0.9726707709,0.962251701,0.95825436,0.9422078751,0.951331594,0.939337542,0.9347777137,0.9133808812,0.9784995419,0.971206408,0.968575441,0.9569445923,0.9628787891,0.9571127891,0.9510562697,0.9334600684,0.9827447717,0.9796689298,0.9780191887,0.9714823795,0.9765101077,0.9731945611,0.96783546,0.9478357231
5,0,24450,-5,0.951544191,0.9330613585,0.9266424728,0.8979006556,0.9286031382,0.8900293804,0.8793601783,0.8455531884,0.961995108,0.9513143257,0.9474906801,0.9290385204,0.9425080232,0.9302988501,0.9094007216,0.8901910639,0.9676580313,0.9623800432,0.9610424148,0.9519463869,0.9589158588,0.9508449383,0.949441476,0.9360384687
5,0,24460,-4,0.91913205,0.8926954049,0.875664074,0.8411424236,0.8612623149,0.8177296407,0.8204671817,0.7468754562,0.9338177175,0.9180437142,0.9099627202,0.8879931046,0.89436403,0.8768413456,0.870380076,0.8362043978,0.9427995718,0.9347306885,0.9318726631,0.9191694922,0.926835368,0.9174064865,0.9161888382,0.8943435757
5,0,24470,-3,0.8639823525,0.8262469289,0.8038307047,0.7528288251,0.7911867203,0.7454839458,0.7222300368,0.6502798562,0.8854664124,0.8601913262,0.8480925347,0.810645376,0.823104984,0.795069032,0.7849484646,0.7487337703,0.8992880401,0.886695208,0.8803818374,0.8599385069,0.8779015077,0.857542776,0.8473359703,0.825854977
5,0,24480,-2,0.7870843951,0.7383073698,0.7142715202,0.6582377211,0.6739210047,0.6386933381,0.5833509255,0.5454089169,0.8132940508,0.7800906922,0.7632308218,0.7223926281,0.7369397334,0.7051937638,0.681893018,0.6514645274,0.8308500325,0.8143115366,0.8017021029,0.7812853822,0.8009461322,0.780066895,0.7617401641,0.7443630267
5,0,24490,-1,0.6727089798,0.6188167493,0.5818301898,0.5354763411,0.5497469304,0.4899047507,0.4567618898,0.4126287326,0.7034406758,0.6663355641,0.6440116701,0.6125680077,0.5953798954,0.5713873086,0.5319325102,0.5175004754,0.7250360674,0.7070375609,0.6895157538,0.6723664316,0.6801391144,0.6598301815,0.6502041877,0.6224407953
5,0,24500,0,0.5254835153,0.4762731789,0.4398552185,0.3990239788,0.3995335245,0.3606886669,0.3214146816,0.2860927074,0.5549283171,0.5181882708,0.4924282466,0.4694565408,0.4527708745,0.4211940345,0.395073648,0.3763686595,0.5770616909,0.5596530321,0.5390477233,0.5306358329,0.5328491804,0.5185172815,0.5011225992,0.4925435022
5,0,24510,1,0.3742525427,0.3349058246,0.3022301482,0.2753811931,0.2786697343,0.2428531741,0.2179574092,0.2064014046,0.3977151108,0.3697309056,0.3464685644,0.3250612979,0.3102292128,0.2956996487,0.271830209,0.2591616163,0.4155351409,0.4009854507,0.3876129574,0.3787753079,0.3833744791,0.3765098205,0.3578638894,0.3405776841
5,0,24520,2,0.2536292641,0.2247733461,0.2023252733,0.1842954049,0.1790424829,0.1560210127,0.1472725641,0.1357206025,0.2717318022,0.24866271,0.2363519236,0.2200215466,0.2103354533,0.1981964838,0.1903890927,0.183502905,0.286715081,0.2752446405,0.2654682827,0.259994723,0.2608582413,0.2540892185,0.2469384137,0.2384760482
5,0,24530,3,0.1622568599,0.1426049674,0.1284188461,0.1174893475,0.1126305386,0.1013461474,0.0889656851,0.0809713637,0.1759893136,0.1621361866,0.151671551,0.1468006684,0.1319091893,0.125039676,0.1187309816,0.1159752233,0.1861476787,0.1790187563,0.1719320562,0.1694995122,0.1678967448,0.1641258225,0.1630524631,0.1550450895
5,0,24540,4,0.1022293582,0.090762986,0.0799655586,0.0733038915,0.0704791179,0.0617717991,0.0576987537,0.0444547789,0.1106412239,0.1031403024,0.0952595109,0.0908020711,0.0831714344,0.0830210995,0.0758686254,0.0704623737,0.1174155938,0.1135701765,0.109145887,0.1076262556,0.1039399226,0.1032290003,0.1000375825,0.0970045838
5,0,24550,5,0.0630555997,0.0552419404,0.0505859795,0.0448357331,0.0458593883,0.0350013652,0.036617409,0.0324762204,0.0686473146,0.0634872704,0.059560107,0.0560846657,0.0541437255,0.048745406,0.0438008027,0.0437244624,0.0725007358,0.069862802,0.0678033276,0.0653988045,0.0661848953,0.0651084459,0.0621143727,0.0570744969
5,0,24560,6,0.0380835483,0.0329582556,0.0297112992,0.0274718568,0.0258954567,0.0225053348,0.0218595388,0.0195478264,0.0419629841,0.0382572928,0.0359398876,0.0346760535,0.0304159407,0.0280416882,0.0269985232,0.0254957083,0.0446363137,0.0430383063,0.0409847159,0.0398247691,0.0396858472,0.0398178574,0.0376121324,0.0353144859
5,0,24570,7,0.0228676102,0.0203050781,0.0183644777,0.0152626563,0.0127364105,0.01191713,0.0102163657,0.0092227,0.0246409881,0.0230726413,0.0211345073,0.0191494653,0.0180747043,0.016563022,0.0162795321,0.0140069513,0.0262132369,0.0251447948,0.0239240553,0.0231051053,0.0236585,0.022123848,0.0221396777,0.0193411571
4,1,21430,-7,0.0370063678,0.0489074657,0.0549363953,0.0691604088,0.056074641,0.0807120212,0.0783020327,0.1020867538,0.0298059987,0.0370497121,0.0408362363,0.0523620009,0.0447544721,0.05638669,0.0540605102,0.0826676696,0.0250331444,0.0284929064,0.0288263098,0.0358433054,0.0322951272,0.040248875,0.0334724553,0.0579416845
4,1,21440,-6,0.0587962381,0.078500365,0.086828015,0.1055794161,0.1033089125,0.1282135004,0.1145175455,0.163177131,0.0480364753,0.0596551198,0.0614703296,0.0781085368,0.0699218399,0.0869846001,0.088588105,0.1278457795,0.0412916824,0.046503435,0.0472383386,0.0539003954,0.0492155745,0.0659091538,0.0505008932,0.0799184496
4,1,21450,-5,0.0947913104,0.1181250905,0.1296624376,0.1578105337,0.152123019,0.1694471208,0.1836812388,0.2101021502,0.0787874289,0.0941396826,0.1006347305,0.1188334547,0.1117918938,0.1273241628,0.1433364071,0.1723949126,0.067611354,0.074338448,0.0797946787,0.0878268195,0.0788441789,0.0904924907,0.0979166289,0.114626373
4,1,21460,-4,0.1482020953,0.1847211141,0.1940296806,0.24742963,0.2093333204,0.2444095818,0.2856242796,0.2978108715,0.1258484557,0.1473272614,0.158975789,0.1921102077,0.1724331423,0.1931303686,0.2188388147,0.2394706133,0.1100859864,0.1196933764,0.1255347709,0.1409333422,0.1290665913,0.1461210224,0.1601781617,0.1731451984
4,1,21470,-3,0.2202674463,0.2657517186,0.2885117508,0.3315882998,0.3126194049,0.3488734506,0.3955961141,0.4230021358,0.1918564666,0.2199194335,0.2374559615,0.2638362792,0.2685349933,0.2853212324,0.3085471143,0.3315806112,0.1722776367,0.1851361996,0.190617641,0.2017102247,0.2017830553,0.2118352533,0.2296388968,0.2378552733
4,1,21480,-2,0.3218460844,0.3719083094,0.3981031037,0.4477513397,0.4347161108,0.4812291593,0.5102628667,0.5458073487,0.2894339916,0.3233798455,0.3373710013,0.3689523378,0.3763694674,0.3998966809,0.4348723184,0.4417201923,0.2671436508,0.2839652969,0.2935848241,0.3097021121,0.3002990878,0.3191979932,0.3269062737,0.3550933287
4,1,21490,-1,0.4494068979,0.5003380721,0.5311546226,0.5725758271,0.5739986454,0.6135671897,0.6361594823,0.6598195814,0.4140811439,0.4478484461,0.471066622,0.5008691077,0.5111235546,0.5447142493,0.5679025804,0.5794115072,0.3889187114,0.4045733504,0.4229532304,0.4318139141,0.4276704549,0.4407558592,0.4608432973,0.4624562778
4,1,21500,0,0.5897712448,0.6319245194,0.664315217,0.6894516161,0.6939718107,0.726457346,0.7492759942,0.7661503895,0.5598638537,0.5878399357,0.6124559698,0.6298260317,0.649928771,0.6661113687,0.6883828347,0.6936333502,0.5385927383,0.5536869837,0.5716157278,0.5771146505,0.5748052766,0.5857714941,0.5963666064,0.604174422
4,1,21510,1,0.719158701,0.7495136772,0.7744428898,0.7909597593,0.7957517131,0.8248748924,0.83801341,0.8485634772,0.6970764002,0.7179028674,0.7367543494,0.7505534971,0.7627354058,0.7786354298,0.7978263639,0.8046749552,0.6820854564,0.6920725075,0.7054755865,0.7109875088,0.7089492248,0.7214708064,0.7293260386,0.7374900981
4,1,21520,2,0.8180932623,0.8396249465,0.8540928187,0.868231595,0.8684178517,0.8889557777,0.8990744142,0.904417138,0.8039065915,0.8189437672,0.8299017602,0.8380158465,0.8490806825,0.862394642,0.8692986927,0.8715288947,0.7932220894,0.8002584064,0.809540283,0.812720773,0.8132503008,0.8182077122,0.8282570596,0.8316960831
4,1,21530,3,0.8850951278,0.8992347605,0.909625809,0.9197309187,0.9224332148,0.9339333144,0.9407677318,0.9462894383,0.8752460147,0.8852436168,0.8950415997,0.9018275523,0.9036952275,0.9141255941,0.9203050195,0.9238068812,0.8687595472,0.8743803858,0.8807136294,0.8838773975,0.8831132293,0.8857988944,0.8897165133,0.8932223534
4,1,21540,4,0.9328739728,0.941619983,0.9481647837,0.9541024265,0.9568462272,0.9606234176,0.9648853159,0.9737602512,0.9271551931,0.9339383463,0.9383473797,0.9432250414,0.9453897774,0.9504041614,0.9535394858,0.9582549763,0.9228133709,0.926934556,0.9291948512,0.9319563871,0.9304337153,0.9343653313,0.9375889215,0.9387372517
4,1,21550,5,0.9611198026,0.9667817236,0.9709221157,0.9743092391,0.9740447083,0.9797827199,0.9808124776,0.9841167159,0.9571813992,0.9615649564,0.9638093025,0.9656493277,0.9684180316,0.9731150447,0.9745038877,0.9740278334,0.9540846429,0.9563831612,0.9588656586,0.958483875,0.9596419264,0.9625116668,0.9607645501,0.9627334294
4,1,21560,6,0.9783306808,0.9818473647,0.9842224713,0.9862994135,0.9867568147,0.9882918708,0.9892751952,0.9904227694,0.975868043,0.9783696735,0.9803717339,0.9813236447,0.9824429669,0.9849356822,0.9848349708,0.9861536081,0.9741057876,0.9754813947,0.9773998562,0.9769953732,0.976787826,0.9775691785,0.977645504,0.9772841838
4,1,21570,7,0.9879548186,0.9899657838,0.990626556,0.9922452476,0.9915684998,0.9932865859,0.9929376884,0.9954377051,0.9866440867,0.9882673789,0.9889721424,0.9892952045,0.9894549841,0.9898916833,0.9910208346,0.9912885868,0.9855027499,0.9862413432,0.9867247661,0.9875996803,0.9864277968,0.9877759139,0.9880736913,0.9890822747
4,0,18430,-7,0.9793252792,0.9736589838,0.9664177617,0.9603206648,0.9583961134,0.9540834141,0.9758458049,0.9408160632,0.9829586731,0.9791348329,0.9756599295,0.9713891122,0.9704879461,0.9625520041,0.9758458049,0.9502864334,0.9865936565,0.9851004267,0.9836051009,0.9820538596,0.9823445829,0.982628543,0.9800850551,0.9665799548
4,0,18440,-6,0.9643119061,0.9507524593,0.9502764406,0.9273363127,0.9471994526,0.9386241595,0.9089754785,0.9100003937,0.9718859554,0.9643161319,0.9623493826,0.9450822065,0.9548155829,0.9525391337,0.9523335914,0.9071677593,0.9763150939,0.9728632407,0.9733649771,0.9668233467,0.970329736,0.9661650663,0.9673332454,0.9507427311
4,0,18450,-5,0.9385251472,0.9191901431,0.9150470211,0.8881010143,0.9087803715,0.8738929216,0.8674779534,0.8414155078,0.9504992935,0.9380913512,0.9342049037,0.9181309022,0.9326509469,0.9062964035,0.8979321344,0.8844411297,0.957499076,0.9532576162,0.9498389887,0.9421966743,0.950591162,0.9454666966,0.9331256596,0.9215134996
4,0,18460,-4,0.9005788716,0.8767455001,0.8604776343,0.8348219136,0.8416804593,0.8164623321,0.8119371057,0.758494475,0.9169446675,0.9020141355,0.894063303,0.8725775873,0.8764659807,0.8578460375,0.8441134033,0.8183508778,0.9271934956,0.9199472239,0.9142508028,0.9029985991,0.9130789751,0.90599291,0.8941218035,0.8850983245
4,0,18470,-3,0.8428291914,0.8076700333,0.7974199975,0.7544427004,0.7777967732,0.7378490863,0.7215414865,0.6821032531,0.8631265287,0.8417595933,0.8279389073,0.8043444134,0.8124915147,0.7874141106,0.7802359027,0.75410731,0.8778019001,0.8686479591,0.8626039785,0.8525948135,0.8571433931,0.8421477005,0.8318527452,0.8230730878
4,0,18480,-2,0.7620426721,0.7189674667,0.6957172012,0.6576987614,0.675424384,0.6199817246,0.6103772626,0.5746409151,0.7891543577,0.7613838781,0.7473610589,0.7220518878,0.7144765323,0.6962937203,0.6677004915,0.666635095,0.8080846923,0.7960735267,0.7876577152,0.7728379843,0.7802902186,0.7671421433,0.7523729675,0.7402134987
4,0,18490,-1,0.6548468416,0.6093093762,0.5796530996,0.5379591737,0.5532363892,0.5103725085,0.4717619234,0.4571828641,0.6852862491,0.6544196383,0.6333684431,0.6019689285,0.6045327455,0.5734749806,0.5493960649,0.5316938408,0.707101682,0.6934511206,0.6797872164,0.6670375467,0.6763972465,0.6625436183,0.646411487,0.631358389
4,0,18500,0,0.5260643746,0.4818104531,0.4523968051,0.4160746708,0.4247245892,0.3749241023,0.348641091,0.3362861365,0.5553527635,0.5263460479,0.5086953258,0.4853562987,0.465397866,0.4435001315,0.4259556914,0.4144889451,0.5770335681,0.5627988874,0.5509203378,0.5396287789,0.5381766705,0.5285528625,0.5194176387,0.5093349525
4,0,18510,1,0.3958855281,0.357528502,0.3341227184,0.3051354515,0.2988120082,0.2675829263,0.2503547657,0.2285433641,0.4212275332,0.3970387262,0.378498602,0.3568211754,0.3493298894,0.3267624564,0.2970072986,0.2934970671,0.4389453338,0.4274167774,0.414317291,0.409000113,0.4074870944,0.3952285574,0.3814484141,0.3707411514
4,0,18520,2,0.2827439558,0.2568853495,0.2335509654,0.2170074266,0.2129306266,0.188328799,0.1737449316,0.1554513934,0.3004351039,0.2807565593,0.2668985541,0.2508371713,0.2411481522,0.2285136875,0.2116277454,0.2020024704,0.3137486332,0.3028516402,0.2929418424,0.2851009924,0.2888686979,0.2735788246,0.2749901352,0.2582209001
4,0,18530,3,0.1918472955,0.1718148469,0.1558656847,0.1406647312,0.1383114049,0.1235582398,0.1132252177,0.1029387136,0.2048174527,0.1909837358,0.1793132168,0.1666736127,0.1609165811,0.149443164,0.1377941343,0.1331128451,0.2141882602,0.2061813133,0.1991708605,0.1921451813,0.1926835943,0.182664976,0.1780967997,0.1651003165
4,0,18540,4,0.1275391634,0.1122112452,0.103987977,0.0899959166,0.0909444328,0.0816605667,0.0781885734,0.0637073119,0.1364295033,0.1243435553,0.1174424594,0.1114679786,0.1079388326,0.0944359934,0.0908551966,0.0883265176,0.1433472036,0.1371639262,0.1310671577,0.1284012252,0.1325798105,0.1271839784,0.1173274911,0.1168262545
4,0,18550,5,0.0806400875,0.0703366264,0.0614945425,0.0535685646,0.0596033146,0.0492916503,0.0463080679,0.0420675086,0.0868917428,0.0799155393,0.0754077561,0.0674872107,0.0653313481,0.0637343346,0.0562914636,0.0538278879,0.0915835939,0.0863162211,0.0835590751,0.0809349882,0.0804058992,0.0789974026,0.0785758737,0.0739297585
4,0,18560,6,0.0491119125,0.0423188613,0.0393298653,0.0336091436,0.0334033684,0.0316054473,0.0224595998,0.0173058134,0.0530962555,0.0482799063,0.0463732683,0.0423144413,0.0413616602,0.0388284954,0.031746854,0.0282624807,0.0564610362,0.0543962067,0.0533402633,0.0493815272,0.0524026553,0.0493075746,0.0458854013,0.0447737803
4,0,18570,7,0.0303674896,0.0261347555,0.0225638836,0.0212227784,0.0199090102,0.0185297156,0.0156303874,0.0118985427,0.033281283,0.0305777418,0.0278985435,0.0259907341,0.0230341873,0.0232896071,0.0204740671,0.020344665,0.0356436508,0.0344099416,0.0327349574,0.0328848097,0.0304612494,0.0304384095,0.0302055287,0.0280693053
3,1,15430,-7,0.046406927,0.056491192,0.0688842987,0.0745514738,0.0769253621,0.1039009338,0.0782292384,0.1216410676,0.0392678517,0.048955204,0.0514922157,0.0710636308,0.0588223217,0.0761846542,0.0757365663,0.0990412207,0.0344725093,0.0414130466,0.0406717366,0.0513114868,0.0435735349,0.0528599398,0.0586609182,0.0475989445
3,1,15440,-6,0.0710892146,0.0873113879,0.101765856,0.1166534075,0.1294429748,0.1317481444,0.1392041776,0.1745978811,0.0609586633,0.0725620035,0.0794755745,0.0921932639,0.0926476485,0.1066160597,0.0985634257,0.127233926,0.0532163756,0.0586964986,0.0649299207,0.0720394505,0.0686842541,0.0807999644,0.0835429237,0.1077470081
3,1,15450,-5,0.1163096408,0.1504395122,0.1615554226,0.2043634869,0.1758302258,0.2082559599,0.2449388576,0.2815469243,0.0980518963,0.1170504039,0.1249959622,0.1620006129,0.1412895166,0.1586300793,0.168940092,0.2220547936,0.0868860544,0.0961651973,0.1006238086,0.1115573798,0.103688365,0.0978144101,0.1260315047,0.1333247461
3,1,15460,-4,0.1723894766,0.211387972,0.2294715169,0.2789422377,0.2389319764,0.2831442687,0.3075380668,0.3721803516,0.1512789237,0.178988894,0.1937060614,0.2205552828,0.2079369665,0.2441252766,0.2523847429,0.2845364308,0.1361663784,0.1477754559,0.1554588284,0.1699669567,0.1629737293,0.1769361435,0.1823222289,0.2190797575
3,1,15470,-3,0.2453081277,0.2923581909,0.3100074468,0.3668838782,0.3403892608,0.3735475337,0.4045210948,0.4593508809,0.2207819867,0.2528181308,0.2672682642,0.3005596369,0.2989189787,0.3195862878,0.3514332886,0.3740120033,0.2028319504,0.2186998871,0.2292747706,0.2406694215,0.2298688437,0.2515893283,0.2582777369,0.282946805
3,1,15480,-2,0.3441067037,0.3979796964,0.4187084978,0.4793101229,0.4398095657,0.499261154,0.5323798047,0.5773210253,0.3153867519,0.3538269101,0.3693100361,0.4123219653,0.4013311496,0.4342169986,0.4467500168,0.5025135677,0.2951846457,0.3138789925,0.3255085392,0.3476459029,0.3313658047,0.3511040717,0.3639054088,0.3875183835
3,1,15490,-1,0.4583824826,0.5072174509,0.5399090385,0.5841634663,0.5646269402,0.6090923779,0.6356846211,0.6667959563,0.4309982258,0.4672606273,0.4853878138,0.518438379,0.5238167345,0.5526808137,0.5754331389,0.5884265149,0.4099046132,0.4288777756,0.4408813417,0.4570387866,0.4452809808,0.4644031557,0.4828526348,0.4954419343
3,1,15500,0,0.5822886171,0.6265875714,0.6542674924,0.6919718934,0.684573452,0.7215655462,0.7476433964,0.7658864817,0.5579330958,0.5909453883,0.6118985462,0.6369044026,0.6443760598,0.666384126,0.6903933369,0.6995476253,0.5389676496,0.5567975564,0.5695215816,0.5797349005,0.5769601243,0.5917040147,0.5975413715,0.6094918257
3,1,15510,1,0.7060179514,0.7419469958,0.7641558634,0.7854679308,0.7904399305,0.8157324303,0.8272079315,0.8421651022,0.6847585276,0.7107091514,0.7246897667,0.7421024867,0.7521186304,0.7681046367,0.7813366702,0.7890363372,0.6669778058,0.6799281622,0.6902628316,0.696904952,0.6925387701,0.7050525191,0.7138626491,0.7137853679
3,1,15520,2,0.8019973497,0.8262473797,0.8450116454,0.8595475883,0.8595819839,0.8763666392,0.8850134449,0.8994608223,0.7850645356,0.8010457357,0.8142694888,0.8240933213,0.8330619808,0.84589674,0.8548861882,0.8604919469,0.7715278748,0.7800294741,0.7884070395,0.7947049775,0.7920978749,0.7953694736,0.801364616,0.8073013456
3,1,15530,3,0.8703374798,0.8861521701,0.8944522258,0.9093925605,0.9080245105,0.9171806774,0.9280887053,0.933492211,0.8583210646,0.8694506753,0.8782250223,0.8846766703,0.8893432424,0.8959993623,0.9079266703,0.9058896471,0.8490049472,0.8543884012,0.8607633501,0.8652719535,0.8618538838,0.8651242036,0.8729661948,0.8787060896
3,1,15540,4,0.9174314552,0.9272986837,0.9339562896,0.9406660108,0.9445957897,0.9519357597,0.9535348266,0.9600827525,0.9094848157,0.9157628376,0.9209714028,0.9262783358,0.9315587021,0.9361252287,0.9413872376,0.9448182999,0.9041431432,0.9073057148,0.9117314839,0.9138138086,0.9115750821,0.9155515108,0.9181795189,0.9235960679
3,1,15550,5,0.948672724,0.953997709,0.9594423562,0.9649740116,0.9671309281,0.9723488828,0.9740399911,0.9745162505,0.9440427968,0.9482221732,0.952164447,0.9549155983,0.9552370632,0.9613905751,0.9632937777,0.9635009782,0.940800257,0.943002929,0.9456940456,0.9453971142,0.9464417023,0.9489354345,0.9501288427,0.9545061482
3,1,15560,6,0.9698506291,0.9737360026,0.9770951649,0.9776870995,0.9818483578,0.9825466391,0.9861675599,0.9862535214,0.9675634362,0.970528336,0.9731500241,0.9746174484,0.9751559491,0.9771014374,0.9790349289,0.9789008105,0.9656602047,0.9675256966,0.9689400643,0.9697575358,0.9687605655,0.9694511569,0.9705840371,0.972174377
3,1,15570,7,0.9826915079,0.9849543022,0.9864500085,0.9881094656,0.9890021754,0.9918750213,0.9907391976,0.9926935253,0.9812626367,0.9829863224,0.9843208338,0.9863394898,0.9859802913,0.9864572393,0.989126703,0.9889739577,0.9800761469,0.9811673306,0.982402121,0.9828283891,0.98237043,0.982791308,0.9851598859,0.9849142453
3,0,12430,-7,0.9711065455,0.9560644265,0.9601028492,0.9279827182,0.9550726488,0.9401990843,0.9149710056,0.8997569442,0.9775855267,0.9728621552,0.9711078308,0.9638080369,0.9631992882,0.9595518971,0.9551807885,0.9497476833,0.9806033965,0.9773439567,0.9791544749,0.9717242473,0.9823181793,0.9785848929,0.9782796742,0.9800448323
3,0,12440,-6,0.9546574379,0.9413625949,0.932720859,0.9121509556,0.9209090033,0.911132134,0.8688140453,0.8678475279,0.9618195741,0.9532655088,0.9544035144,0.9374533872,0.9392607942,0.9307936793,0.9270745647,0.9026898042,0.9667601038,0.9626174111,0.9617036054,0.9556816672,0.9623346969,0.9553996652,0.9509314011,0.9698506291
3,0,12450,-5,0.9258562706,0.9046248426,0.8947717025,0.8633184828,0.8855540895,0.8678970579,0.862159645,0.8179999128,0.9371931641,0.9214583819,0.917620225,0.8958821679,0.905638526,0.9032674398,0.8763852495,0.8523515569,0.9454467339,0.9399045605,0.9360661754,0.9293536892,0.9317156228,0.9255719441,0.9273275287,0.917238037
3,0,12460,-4,0.8890844963,0.8618096574,0.8447737146,0.8195591049,0.83344237,0.7988976052,0.8035300717,0.7208239803,0.9021840263,0.8832370377,0.8778962336,0.8562956852,0.8520274537,0.8312099767,0.8304400574,0.809149791,0.9120338781,0.9030586804,0.8972389645,0.8901199406,0.8946892189,0.884148665,0.8881676517,0.876086233
3,0,12470,-3,0.8319895645,0.7988970702,0.7768434663,0.7333115715,0.7588101204,0.7359692007,0.6880591974,0.6343742373,0.8499703697,0.8251928088,0.8186189101,0.7797416159,0.7949853051,0.7704052925,0.739078408,0.6834381844,0.8626647727,0.8502130479,0.8453720824,0.8285987031,0.8431447415,0.8228106439,0.8052426651,0.8067165108
3,0,12480,-2,0.7537063793,0.7083309354,0.6857065682,0.6383523188,0.6673188208,0.5936803874,0.5831630418,0.5329843541,0.7761386541,0.744703223,0.7283410187,0.6956659741,0.7033771107,0.6668335074,0.6517284057,0.6283803119,0.792034888,0.7774043539,0.7682927139,0.7494054678,0.758234774,0.7500505286,0.7467245546,0.716966293
3,0,12490,-1,0.6517498583,0.6037250574,0.5783297439,0.5233130317,0.5458605098,0.4932373224,0.4628943224,0.4174238396,0.6759810097,0.6424547612,0.623522595,0.5891998126,0.5916920845,0.5569490933,0.528723591,0.5089099398,0.6940801327,0.6765586183,0.6655326446,0.6508563923,0.653430311,0.6386779986,0.6276672834,0.6099534099
3,0,12500,0,0.5302378548,0.4861637962,0.4564045337,0.413998812,0.4313504403,0.3772590368,0.3531736341,0.3215859444,0.553518548,0.5222912544,0.5010906707,0.4743173232,0.4700420812,0.4411067292,0.4182522588,0.4075206758,0.5705228359,0.5544177303,0.539730938,0.5261213719,0.535622919,0.5164144692,0.5074588899,0.4962175913
3,0,12510,1,0.4052297743,0.3656861251,0.3408074897,0.3069860369,0.3180152375,0.2794996246,0.2574204892,0.2322541496,0.427427492,0.3996063933,0.3819224252,0.3634454004,0.3546638075,0.3328409866,0.319343592,0.310155367,0.4454441841,0.4311444821,0.4190659983,0.4114535896,0.4182722946,0.4044757623,0.392061427,0.3985039238
3,0,12520,2,0.2980165935,0.2676166968,0.2455334584,0.22791654,0.2274311746,0.1959668118,0.1895955245,0.1767901443,0.3172575676,0.2972500776,0.2815154196,0.2695032012,0.2583194002,0.244808835,0.2303231318,0.2264120038,0.3329358591,0.3223242872,0.3126529264,0.3076649469,0.3111971601,0.3017529304,0.2960599393,0.2899251549
3,0,12530,3,0.2107267161,0.1874029319,0.1752970936,0.1580709397,0.162627946,0.1396920068,0.1260947238,0.123535859,0.2261266249,0.2118623643,0.1999817419,0.1919847256,0.1859507223,0.1743051749,0.1664393419,0.161435692,0.2382666892,0.2306962341,0.2225065987,0.2185179816,0.2206558752,0.2161565626,0.2110962723,0.1990431187
3,0,12540,4,0.1474784161,0.1332854341,0.121396447,0.1088127788,0.1143950509,0.0961927599,0.08572457,0.0791679027,0.158490635,0.1485984865,0.1405259817,0.1331592129,0.1280183452,0.1208466136,0.109000207,0.1045512709,0.166991747,0.16181497,0.1549101755,0.1512629323,0.1534361191,0.1511658375,0.1438280874,0.139388129
3,0,12550,5,0.0983710437,0.0879499009,0.0765196021,0.0715624331,0.0677809606,0.0645046244,0.0566668717,0.0569833571,0.1059995829,0.0988106499,0.0938064482,0.0883119409,0.0810398916,0.0756591621,0.0709440021,0.0720826621,0.1127997975,0.1088554903,0.1051811518,0.1027761088,0.101138376,0.0963781618,0.0950425611,0.0929080856
3,0,12560,6,0.0612161781,0.0545629207,0.0493474072,0.0465239373,0.0470478432,0.0336220032,0.0361861696,0.0275613224,0.0659722074,0.061126753,0.0568619352,0.0543687486,0.0528646542,0.048229806,0.046932211,0.0403184039,0.0692300552,0.0671448658,0.0634641763,0.0620823836,0.0624548218,0.0614412001,0.057139251,0.0545802543
3,0,12570,7,0.0393884794,0.0343885281,0.029246121,0.0251009769,0.0227855757,0.025266983,0.0223109629,0.014100515,0.0426080149,0.0395228859,0.0354649673,0.0320033315,0.0321714163,0.0326620191,0.0305317839,0.0211376611,0.0446828162,0.0431438771,0.0401003814,0.0401054605,0.0403887118,0.0375991553,0.0414859213,0.0349769294
2,1,9430,-7,0.0604795151,0.0778948421,0.073634067,0.1063516525,0.1037770257,0.1462419051,0.1397943422,0.1608721037,0.0497867468,0.0598442397,0.0601221265,0.0768560711,0.0693538136,0.0760842776,0.0772570128,0.0762152546,0.0429913748,0.0477462617,0.0461146791,0.0564679977,0.0441373347,0.0512560675,0.0782262037,0.0478084879
2,1,9440,-6,0.0854220204,0.1037770257,0.1188157584,0.1458307183,0.1232789387,0.1456070353,0.1755707524,0.2503795294,0.0726512412,0.0856678076,0.1012785013,0.100764605,0.0921128927,0.1216984566,0.1372764969,0.1215287636,0.0648176259,0.070777411,0.0821281771,0.0752038633,0.0762878218,0.0923524631,0.0846638961,0.1151685558
2,1,9450,-5,0.1325090905,0.1624128718,0.1757549459,0.198505771,0.1701774783,0.210783846,0.2585437419,0.276181541,0.1153110517,0.1337165608,0.147042029,0.1649317107,0.1608779327,0.1613688296,0.1863239302,0.2009221331,0.1035443947,0.1116653686,0.1180339113,0.1258976628,0.1296314348,0.1418254085,0.1260954392,0.1384563073
2,1,9460,-4,0.1870706852,0.2193956985,0.2316389897,0.2744290296,0.2350803126,0.2904215662,0.3258224455,0.3533078834,0.1671724688,0.1873049698,0.1934790146,0.2225872411,0.2214832392,0.2511001788,0.2603209454,0.2751986817,0.1537630874,0.1629396852,0.1698285761,0.1867776515,0.1686407549,0.1868854413,0.189573886,0.217759044
2,1,9470,-3,0.2565149204,0.2949628629,0.3123551669,0.3669602149,0.3333706345,0.3623745943,0.4049345423,0.4586690319,0.232385378,0.2551306154,0.2690100034,0.2927742067,0.2948426213,0.3159940529,0.3385556965,0.3682255184,0.2187086857,0.2286551568,0.2395119367,0.2571796157,0.2389474966,0.2585506666,0.2621415931,0.2951857587
2,1,9480,-2,0.3507929233,0.3881697395,0.4164462206,0.4479573053,0.4305994153,0.4844351154,0.49425321,0.5489277987,0.3236172959,0.3473227824,0.3641810672,0.3854864825,0.3959208898,0.4094854353,0.4357657102,0.458538478,0.306867698,0.3184485085,0.3295221692,0.3420072974,0.3335195947,0.3473461287,0.3574981078,0.3743929119
2,1,9490,-1,0.4593002703,0.4983500897,0.5230421297,0.5598008638,0.5553334582,0.5865834463,0.6122568789,0.6372428553,0.4319999525,0.4566105214,0.4757096914,0.4979766391,0.5090099032,0.527624466,0.5577903075,0.5658770645,0.4148620415,0.4256085411,0.4397829056,0.4478304703,0.446406709,0.4552173204,0.4657077371,0.4800415193
2,1,9500,0,0.579127933,0.6126374551,0.6363112451,0.6664194819,0.6670052353,0.6946937838,0.7207352412,0.7385274364,0.5551382877,0.5772471493,0.5937197128,0.6107992279,0.6263335038,0.6418717228,0.6635000748,0.6742046989,0.5393053718,0.5500052061,0.5611261611,0.5706432149,0.5659002822,0.5785212104,0.586875939,0.5990700422
2,1,9510,1,0.6890237899,0.7163651513,0.7393701956,0.7634326451,0.7588941813,0.78678181,0.8016659836,0.8173222552,0.6708973385,0.6900485845,0.7045246318,0.7213033903,0.7296259238,0.7462870245,0.7621536109,0.7703583043,0.6583964564,0.6683089799,0.6783823542,0.6886780512,0.6841092283,0.6954137738,0.7006179503,0.7161469387
2,1,9520,2,0.7838211148,0.8053611527,0.823143789,0.8438377535,0.8353119172,0.8592933225,0.8749531413,0.8853780526,0.7699211063,0.7854689137,0.7990671546,0.8116896979,0.8159278166,0.8325945328,0.8450317905,0.8502056728,0.7600133698,0.7685312322,0.7774577752,0.7862286528,0.7800079371,0.7916034756,0.7986294341,0.8057835223
2,1,9530,3,0.8554955338,0.8731974481,0.8860304728,0.9005614359,0.9001209552,0.9155143581,0.9165265767,0.9286157787,0.8450315928,0.8587838181,0.8675812475,0.8778868138,0.8832488607,0.8960102167,0.8992279796,0.9058021494,0.8373176839,0.8446418046,0.8502409057,0.8552908796,0.852997232,0.8607783639,0.8659688783,0.8692363519
2,1,9540,4,0.9073313407,0.9203825026,0.9282388405,0.9406831659,0.9331251376,0.9430689976,0.9480364966,0.9520942395,0.8999116557,0.9091565012,0.9147319685,0.9187002992,0.9240446237,0.9315234838,0.934560303,0.9324568838,0.8938980915,0.8989265865,0.901831401,0.9041475784,0.9054000675,0.9114885098,0.9102659653,0.9101153812
2,1,9550,5,0.9384519698,0.9471467507,0.9523367439,0.9588911344,0.9618603992,0.9688813691,0.9670710951,0.96924172,0.9327490946,0.9384443116,0.9440953852,0.9487335181,0.9507663619,0.9517129382,0.954828874,0.9557262449,0.9290979642,0.9324080246,0.9348963527,0.9362208405,0.9370628149,0.9388372511,0.9426979443,0.9434680802
2,1,9560,6,0.9629705175,0.9681410392,0.9714937826,0.9812004371,0.9772635727,0.9807676824,0.9783301031,0.9799325015,0.959279367,0.961907688,0.9636601465,0.9665725584,0.9689703572,0.9729798073,0.9730865915,0.9727569424,0.9568719591,0.9578458455,0.9606892898,0.9604236205,0.9603960712,0.9638118606,0.9622194655,0.9632097525
2,1,9570,7,0.9785295082,0.9818995364,0.9845691746,0.9839057337,0.9868381649,0.9893432164,0.9890084017,0.9889787387,0.9747838329,0.9775413388,0.9777275064,0.9786573388,0.9832416536,0.9831925039,0.9827431719,0.982722925,0.9723665592,0.9735765258,0.9750902431,0.9768219958,0.9751174899,0.9753780159,0.9770153967,0.9774773791
2,0,6430,-7,0.9669196519,0.9558161727,0.9578970586,0.9460147242,2,2,0.9211755626,0.9211755626,0.9745129419,0.968534306,0.9667364934,0.9564086794,0.9480652547,0.9409642206,2,0.9389218484,0.9773698703,0.9709918621,0.9746022568,0.9647841284,0.9710864583,0.940373068,0.9328618037,0.9173885906
2,0,6440,-6,0.9483616473,0.9408327518,0.9300632711,0.9175423233,0.9248224513,0.9100235147,0.9172228756,0.9034292768,0.9542484908,0.9480652547,0.9431248727,0.9341049871,0.9197676822,0.9441888978,0.9277612604,0.9143065503,0.9596804254,0.9562003585,0.9589254694,0.954216119,0.9479504953,0.9442110921,0.9629705175,0.9490416075
2,0,6450,-5,0.9217377466,0.9076814438,0.9050970582,0.8758581315,0.8832738347,0.8949681595,0.8435554072,0.85912253,0.9298772203,0.9212414317,0.9124694269,0.9070685241,0.9172228756,0.8925520034,0.8896342991,0.8691252284,0.9353019873,0.9328618037,0.933067812,0.9251271575,0.9235270138,0.9212701696,0.9133783465,0.9211837875
2,0,6460,-4,0.8792737622,0.8607743487,0.8442135549,0.8246294382,0.8254823904,0.8082034522,0.7665562909,0.7610849537,0.8945235777,0.881877309,0.8729323243,0.8646361513,0.8642189036,0.8413616718,0.838106983,0.835218383,0.9022166279,0.8963252114,0.8903153031,0.8910671201,0.8897378275,0.8771954682,0.8835644886,0.8731664955
2,0,6470,-3,0.8199234974,0.7920403095,0.7754201803,0.7432245348,0.7660226914,0.7342501742,0.7014779963,0.6786351496,0.8378558145,0.8230442629,0.8094320712,0.80025192,0.7874813379,0.7723753542,0.7583272186,0.7306398337,0.8488333921,0.8407639126,0.8335439281,0.8276711456,0.8241997456,0.8189245887,0.8179753466,0.8022771602
2,0,6480,-2,0.7401525363,0.7100925331,0.6865354141,0.6567377462,0.6653688382,0.6322790787,0.6062118067,0.5760378974,0.761579302,0.742044825,0.7279935656,0.7119401512,0.6998759044,0.6807995039,0.6536058606,0.6361986631,0.7752221288,0.7643445913,0.7541105883,0.7395585195,0.7593393383,0.7375941065,0.7280861898,0.690396481
2,0,6490,-1,0.6417457951,0.6061896236,0.5853567525,0.5453913391,0.5600347811,0.5248750389,0.4897096357,0.4558471752,0.6658021481,0.6428528417,0.629071023,0.6065225035,0.5979105227,0.5823712003,0.554984772,0.529881073,0.6810111398,0.6705443687,0.6618391329,0.6509895952,0.6511043396,0.6449386396,0.6349621284,0.607757632
2,0,6500,0,0.5319711575,0.4980511172,0.4719265996,0.4423412174,0.4438555722,0.4093757366,0.3831548073,0.356902908,0.555192864,0.533463888,0.5168168796,0.4980692021,0.4846594988,0.46460001,0.4465433903,0.4311841033,0.5702564535,0.5606932052,0.5483692345,0.5410134787,0.5438700204,0.5309931259,0.5208434268,0.5060695976
2,0,6510,1,0.4207351737,0.3903107915,0.3663001793,0.3412367232,0.3384537944,0.306460068,0.291688797,0.2633086574,0.440175872,0.4201228514,0.4035439559,0.38415355,0.3774744376,0.3603740524,0.335821805,0.3210395026,0.452187108,0.4424360183,0.4308861302,0.4219124376,0.4286200077,0.4137664101,0.4022186247,0.3823525417
2,0,6520,2,0.3164408748,0.2897285386,0.2718925497,0.2443337728,0.2432839316,0.2190887908,0.2074338863,0.1753814343,0.3332961756,0.3136685528,0.2999408366,0.2792439468,0.2787887469,0.2558795418,0.2460884436,0.2301178695,0.3444300048,0.3342025843,0.3247339451,0.3116394754,0.3200944521,0.3088242458,0.3017499774,0.2887402681
2,0,6530,3,0.228385932,0.2066184973,0.1932060784,0.1687233389,0.1770840091,0.1566163082,0.1469959079,0.1226852589,0.2407868763,0.2217432557,0.2102522338,0.1998598364,0.1980131407,0.1784835187,0.1699236072,0.1598388594,0.2503039481,0.2410161458,0.2336386796,0.2258914903,0.2286381321,0.2223981643,0.2205462273,0.2102394982
2,0,6540,4,0.1615284231,0.1430393661,0.1315861788,0.1207666592,0.1253148824,0.1043893767,0.0945776059,0.0902026202,0.1720815549,0.1577479324,0.1471623247,0.1407302773,0.1384794987,0.1206909201,0.1219913539,0.1138912079,0.1802358382,0.1732900578,0.166261668,0.1645788278,0.1687374057,0.1618998995,0.157652883,0.1577364254
2,0,6550,5,0.1110083021,0.0972738572,0.0904323535,0.078542587,0.0841524732,0.0669793963,0.0580191574,0.0597674256,0.1174542312,0.1078676745,0.1042333764,0.0959536211,0.0944563193,0.0913390166,0.0740180248,0.0732846399,0.1257388254,0.1218732445,0.1171235569,0.1159000659,0.1161217408,0.1122819374,0.1039301092,0.1029006838
2,0,6560,6,0.071754873,0.0643745093,0.0608017138,0.060332295,0.0539003409,0.0449538335,0.0460064497,0.036204644,0.078614697,0.0749911994,0.0710983607,0.0700285013,0.0614844055,0.0606211897,0.0513525943,0.0650390299,0.0821533645,0.0810911449,0.0772744935,0.0787983331,0.0762307592,0.0755974948,0.0751227671,0.0785572737
2,0,6570,7,0.0493902797,0.041184438,0.0414570973,0.0422058509,0.0343700546,0.0237900787,0.0233679629,0.0320823646,0.0544634659,0.0484064115,0.0482007004,0.0501372758,0.0473773765,0.039813109,0.0368393711,0.0429817539,0.0577284226,0.0556552247,0.0554411871,0.0530621997,0.0511595102,0.0501612747,0.0467761862,0.0514378585
1,1,3430,-7,0.0727664917,0.089456992,0.0828134693,0.1385500388,0.0904947398,0.1019127707,2,0.1830275249,0.061564862,0.0768732849,0.0755339821,0.0702436738,0.0761588141,0.0991347701,0.0941175419,0.0941175419,0.0525668454,0.0542669849,0.0517073235,0.0657854615,0.0540243673,0.0702436738,2,2
1,1,3440,-6,0.1068212773,0.1299373692,0.1539360142,0.1735360071,0.1608692282,0.1678060319,0.1442330391,0.1519666887,0.0904947398,0.1079167632,0.1046907712,0.110152984,0.1532421895,0.1678060319,0.1442330391,0.1171832331,0.0753173049,0.0789932931,0.0880765232,0.0821806433,0.087396931,0.0941175419,0.0913815876,0.071754873
1,1,3450,-5,0.1506274041,0.1837292727,0.1908431715,0.2346431432,0.2559020657,0.2305777114,0.258532269,0.3291031988,0.130895285,0.1522177219,0.1598509302,0.1867501443,0.1773285172,0.1804805458,0.1915342964,0.1904214862,0.1185302317,0.126502076,0.1310757659,0.1499481506,0.131276459,0.1348529183,0.1315768203,0.1564922761
1,1,3460,-4,0.2130822318,0.2514965908,0.2559020657,0.3079507472,0.2932163196,0.3326740974,0.338194092,0.3754483985,0.1884903302,0.2179841993,0.2241219941,0.2619762081,0.2496380331,0.2810806786,0.2510756929,0.30592757,0.17021621,0.1802300605,0.1862388178,0.1941032624,0.1878764565,0.1908277928,0.2122534583,0.2076357131
1,1,3470,-3,0.2906909054,0.331620739,0.3532560668,0.3956418938,0.3775340775,0.4228022723,0.4363898761,0.514497147,0.2612746046,0.2912191332,0.3001959673,0.33265614,0.3363496588,0.3533481917,0.3743500908,0.4193971482,0.2418536043,0.255765995,0.2625156338,0.2719370458,0.2704018087,0.2827809433,0.268127055,0.294693613
1,1,3480,-2,0.3820148772,0.4300180206,0.4531220177,0.4972835009,0.4734843479,0.523658517,0.5474911125,0.5739516037,0.3516546454,0.3834713015,0.3990128924,0.4225055739,0.4361886584,0.459479524,0.4757584006,0.4899801605,0.3303215589,0.3435541921,0.3571085257,0.365745995,0.3598789744,0.3768909653,0.3789703073,0.402429956
1,1,3490,-1,0.4867251543,0.5322531148,0.5575028391,0.594460091,0.5795602052,0.6208880692,0.6435140133,0.6672327043,0.457029764,0.4896627323,0.5068494644,0.5317699843,0.5391098565,0.555799771,0.5780371189,0.590424763,0.4359243461,0.4521774675,0.4612661039,0.4728496344,0.463989126,0.4808440493,0.4811631243,0.50639812
1,1,3500,0,0.59165935,0.6326877295,0.6545824769,0.6882453403,0.679957426,0.7118701663,0.7294850568,0.7524419165,0.5647916012,0.59519694,0.6091665064,0.6296559838,0.6409734459,0.6549307762,0.6755663398,0.688816717,0.5454438903,0.5597482142,0.569527248,0.5814465291,0.5752286261,0.5858984604,0.5909841123,0.6103800018
1,1,3510,1,0.6939578498,0.7271222735,0.7444727671,0.7673541181,0.7667173069,0.7909466132,0.8021538673,0.820237728,0.6718923847,0.6930112872,0.70556674,0.7217245863,0.7308158992,0.7387795709,0.7585053138,0.7620322926,0.6530521363,0.6634069158,0.6718743573,0.679099479,0.6773154135,0.6839074307,0.691035835,0.6994361973
1,1,3520,2,0.7783914915,0.8000898047,0.8182802526,0.8264657161,0.8246539295,0.8475322593,0.8607479906,0.8700461541,0.7621288665,0.7763769635,0.7865052451,0.7968129179,0.8069944197,0.8169338381,0.8283099205,0.8289300062,0.7486071393,0.7563204578,0.7632993574,0.769177191,0.7662377305,0.7718230036,0.7776738437,0.785036546
1,1,3530,3,0.8480124237,0.8635549612,0.871289017,0.8834927483,0.8850287956,0.8979296409,0.9116774944,0.9144017547,0.834815413,0.8452707777,0.8516406216,0.8568096239,0.8690485101,0.8736156417,0.8813323173,0.8812435734,0.8259882679,0.8314616098,0.8372361042,0.8390531373,0.8391749814,0.8437365746,0.8479741401,0.8493130154
1,1,3540,4,0.8979048019,0.9077795401,0.9141566291,0.9267209414,0.9231918983,0.9392399916,0.9429301689,0.9455939526,0.8887029484,0.8950665835,0.9003354051,0.9052495883,0.9101571648,0.9171909888,0.9202966851,0.92778456,0.8823179431,0.8856762327,0.8893547332,0.8924247634,0.8901592264,0.8929922821,0.8951028045,0.9134146168
1,1,3550,5,0.9354953106,0.9447086009,0.9481280428,0.9525885926,0.9457480255,0.9593468293,0.9529764087,0.9654349169,0.9260349419,0.9308241724,0.9368079903,0.9387800582,0.941069333,0.9428847093,0.9457085881,0.9553236468,0.923371244,0.926249911,0.9283491889,0.9348462877,0.9315465592,0.9350480517,0.9381154487,0.9500974943
1,1,3560,6,0.9534220074,0.9589319584,0.9575759496,0.971563067,0.9690136559,0.97444058,0.9761923547,0.9810232427,0.9526348716,0.9564266641,0.9575759496,0.9648367138,0.9612585131,0.9730217064,0.9663034635,0.9765091167,0.9501621529,0.9534380633,0.9525852104,0.9562436073,0.9570052863,0.9576947171,0.9572461008,0.9747662337
1,1,3570,7,0.9719056576,0.9747976593,0.9747976593,0.9733851487,0.9860812458,2,2,0.9852712084,0.9690136559,0.9740835006,0.9747976593,0.9733851487,0.9860812458,0.9778268132,0.9799717064,0.9852712084,0.9685687325,0.9696260293,0.9707806973,0.9754128828,0.9753608263,0.973927959,0.9757951775,0.9881331495
1,0,430,-7,2,2,2,2,2,2,2,2,2,2,2,2,2,2,2,2,2,2,2,2,2,2,2,2
1,0,440,-6,2,2,2,2,2,2,2,2,2,2,2,2,2,2,2,2,2,2,2,2,2,2,2,2
1,0,450,-5,2,2,2,2,2,2,2,2,2,2,2,2,2,2,2,2,2,2,2,2,2,2,2,2
1,0,460,-4,2,2,2,2,2,2,2,2,2,2,2,2,2,2,2,2,2,2,2,2,2,2,2,2
1,0,470,-3,2,2,2,2,2,2,2,2,2,2,2,2,2,2,2,2,2,2,2,2,2,2,2,2
1,0,480,-2,2,2,2,2,2,2,2,2,2,2,2,2,2,2,2,2,2,2,2,2,2,2,2,2
1,0,490,-1,2,2,2,2,2,2,2,2,2,2,2,2,2,2,2,2,2,2,2,2,2,2,2,2
1,0,500,0,0.5394862395,0.4990893086,0.4772068321,0.4418301089,0.4488933107,0.4134085623,0.3965898571,0.3729991311,0.5630248194,0.5339331099,0.5192193301,0.4975033645,0.4894670881,0.4715804615,0.4542279472,0.4409062358,0.5800543233,0.5665867449,0.5565592543,0.5496373901,0.5527793551,0.5408299654,0.536021844,0.5219049327
1,0,510,1,0.4360233571,0.3995480119,0.3793523219,0.3504759867,0.3570529153,0.3269673701,0.3125349237,0.2850159474,0.4572944794,0.4330837267,0.4191133732,0.3983114761,0.394824072,0.3795108175,0.358112546,0.3514957797,0.4751009183,0.4664137885,0.4543095802,0.4478507904,0.450885623,0.4415196912,0.4328324931,0.4248914725
1,0,520,2,0.3402505495,0.3150996398,0.2920878156,0.2765461944,0.2743080938,0.2551201871,0.2413410367,0.2241393076,0.359403685,0.3421619831,0.3281697511,0.3151089549,0.3071130387,0.2959892243,0.2768570838,0.2738590419,0.373134886,0.3643683568,0.3575850642,0.349987054,0.3536965458,0.3450937732,0.3348978807,0.3319743515
1,0,530,3,0.2582035991,0.2446335444,0.2227883905,0.2129099638,0.2134407028,0.1935430844,0.1817521646,0.1656257634,0.2727650552,0.2614257255,0.2497114573,0.2407181837,0.2263199835,0.2222862081,0.2093150745,0.2052583805,0.2848009052,0.2787493423,0.270419854,0.2652506858,0.2649540685,0.2626732712,0.2624757421,0.2578475304
1,0,540,4,0.1911262925,0.1809243682,0.1616308238,0.1519187916,0.1553125023,0.1505887398,0.1157433899,0.1112012507,0.1993420766,0.1909245088,0.1789804092,0.1788719685,0.1622385778,0.1604407644,0.1536217528,0.138618839,0.2084073245,0.204372985,0.1995232588,0.1984656041,0.1900849127,0.1929086612,0.1874603377,0.1785392079
1,0,550,5,0.1413298447,0.1379973134,0.112812367,0.1193861987,0.1002484364,0.0919719101,0.0983348272,0.0860019371,0.1425795439,0.1398132246,0.1335340879,0.1292577716,0.1173934934,0.1127893732,0.1106677174,0.1077083497,0.1470614016,0.144032537,0.1427540518,0.1357406259,0.1396241403,0.1318693235,0.1241453042,0.1232891914
1,0,560,6,0.0947060796,0.091675908,0.0792053142,0.0706195904,0.0620427206,0.0706195904,2,0.0526237848,0.0978062327,0.091675908,0.0896080308,0.0721790963,0.090943127,0.0809846006,0.0706195904,0.0707293437,0.1055693648,0.1037062585,0.0983270668,0.0937127481,0.090943127,0.0967589115,0.0949386879,0.0677791545
1,0,570,7,2,0.0654747979,0.0620427206,2,0.0200275012,0.0200275012,2,0.0200275012,0.0696867448,0.0654747979,0.0664315183,2,0.0620427206,0.0526237848,0.0572263837,0.0651230659,0.0707397315,0.0687129713,0.0664315183,0.0664830763,0.0651823658,0.0626660219,0.0727664917,0.061301353
